,secid,date,symbol,symbol_flag,exdate,last_date,cp_flag,strike_price,best_bid,best_offer,volume,open_interest,impl_volatility,delta,gamma,vega,theta,optionid,cfadj,am_settlement,contract_size,ss_flag,forward_price,expiry_indicator,root,suffix
67438,108105.0,1996-12-03,0AE95.8A,0,1997-03-22,1996-12-03,C,600000.0,151.5,152.5,40.0,601.0,,,,,,11441546.0,1.0,1.0,100.0,0,,,0AE95,8A
71531,108105.0,1996-12-03,0989B.35,0,1996-12-21,1996-11-27,C,620000.0,124.375,125.375,0.0,15.0,,,,,,10001205.0,1.0,1.0,100.0,0,,,0989B,35
71532,108105.0,1996-12-03,09968.5C,0,1997-12-20,1996-11-29,P,550000.0,5.625,6.625,0.0,3497.0,0.244946,-0.067066,0.000691,98.59804,-9.718547,10053724.0,1.0,1.0,100.0,0,,,09968,5C
71533,108105.0,1996-12-03,098F0.17,0,1997-12-20,1996-12-03,P,750000.0,41.375,43.375,1118.0,2131.0,0.179218,-0.389668,0.002751,287.3936,-13.43345,10022935.0,1.0,1.0,100.0,0,,,098F0,17
71534,108105.0,1996-12-03,098F0.99,0,1997-03-22,1996-12-03,P,650000.0,5.625,6.125,22.0,27930.0,0.244443,-0.114745,0.001953,78.34959,-29.73282,10023065.0,1.0,1.0,100.0,0,,,098F0,99
71535,108105.0,1996-12-03,098C7.53,0,1997-02-22,1996-12-03,P,700000.0,9.625,10.125,505.0,1182.0,0.216791,-0.217408,0.003888,102.1421,-45.66102,10012499.0,1.0,1.0,100.0,0,,,098C7,53
71536,108105.0,1996-12-03,098F1.39,0,1997-06-21,1996-11-07,C,685000.0,87.375,88.375,0.0,419.0,0.200081,0.77309,0.002624,159.4557,-42.03725,10023225.0,1.0,1.0,100.0,0,,,098F1,39
71537,108105.0,1996-12-03,098C7.CD,0,1996-12-21,1996-11-20,C,645000.0,99.625,100.625,0.0,1097.0,,,,,,10012621.0,1.0,1.0,100.0,0,,,098C7,CD
71538,108105.0,1996-12-03,09A49.EB,0,1997-01-18,1996-12-03,P,745000.0,16.75,17.5,160.0,1723.0,0.194213,-0.437652,0.00779,102.1235,-71.29024,10111467.0,1.0,1.0,100.0,0,,,09A49,EB
71539,108105.0,1996-12-03,099F1.A3,0,1997-06-21,1996-12-03,C,775000.0,28.875,29.875,1.0,5858.0,0.164115,0.456245,0.004332,215.9499,-41.36091,10088867.0,1.0,1.0,100.0,0,,,099F1,A3
71540,108105.0,1996-12-03,09943.F9,0,1997-02-22,1996-12-02,P,690000.0,8.0,8.5,0.0,232.0,0.22361,-0.184469,0.003416,92.56855,-43.16409,10044409.0,1.0,1.0,100.0,0,,,09943,F9
71541,108105.0,1996-12-03,099D6.78,0,1997-06-21,1996-12-03,P,700000.0,18.75,19.5,106.0,10093.0,0.202847,-0.260523,0.002885,177.7733,-26.29252,10081912.0,1.0,1.0,100.0,0,,,099D6,78
71542,108105.0,1996-12-03,099B2.13,0,1997-02-22,1996-12-03,P,680000.0,6.625,7.125,4.0,361.0,0.230327,-0.155896,0.002978,83.1158,-40.29715,10072595.0,1.0,1.0,100.0,0,,,099B2,13
71543,108105.0,1996-12-03,09AD6.AD,0,1997-09-20,1996-11-26,C,800000.0,27.75,29.75,0.0,111.0,0.161328,0.402473,0.003549,253.8518,-33.41936,10147501.0,1.0,1.0,100.0,0,,,09AD6,AD
71544,108105.0,1996-12-03,09B8B.AB,0,1996-12-21,,C,605000.0,139.25,140.25,0.0,0.0,,,,,,10193835.0,1.0,1.0,100.0,0,,,09B8B,AB
71545,108105.0,1996-12-03,09B94.13,0,1996-12-21,1996-11-29,P,400000.0,0.0,0.0625,0.0,9977.0,0.971855,-0.000719,1.6e-05,0.389665,-4.301281,10195987.0,1.0,1.0,100.0,0,,,09B94,13
71546,108105.0,1996-12-03,098B6.4F,0,1997-06-21,1996-11-29,P,550000.0,2.4375,2.8125,0.0,8383.0,0.268675,-0.040595,0.000587,47.94259,-10.80998,10008143.0,1.0,1.0,100.0,0,,,098B6,4F
71547,108105.0,1996-12-03,099E2.D0,0,1997-02-22,1996-12-03,P,745000.0,21.5,22.5,16.0,45.0,0.188291,-0.430536,0.005968,136.1721,-48.21795,10085072.0,1.0,1.0,100.0,0,,,099E2,D0
71548,108105.0,1996-12-03,09910.D2,0,1997-01-18,1996-12-03,P,670000.0,2.75,3.125,21.0,3224.0,0.255862,-0.091513,0.002471,42.68166,-43.03674,10031314.0,1.0,1.0,100.0,0,,,09910,D2
71549,108105.0,1996-12-03,09A67.E8,0,1997-12-20,1996-12-03,P,725000.0,33.0,35.0,8.0,1985.0,0.186244,-0.325251,0.002493,270.6422,-14.8496,10119144.0,1.0,1.0,100.0,0,,,09A67,E8
71550,108105.0,1996-12-03,09BB5.EB,0,1997-01-18,1996-12-03,P,710000.0,7.25,7.5,63.0,4941.0,0.219091,-0.217962,0.005168,76.41776,-64.04151,10204651.0,1.0,1.0,100.0,0,,,09BB5,EB
71551,108105.0,1996-12-03,09B48.68,0,1997-12-20,1996-11-18,P,475000.0,2.0,2.75,0.0,734.0,0.268794,-0.027307,0.000305,47.83447,-5.416026,10176616.0,1.0,1.0,100.0,0,,,09B48,68
71552,108105.0,1996-12-03,09B69.0D,0,1997-03-22,1996-12-03,P,720000.0,16.625,17.375,109.0,1129.0,0.199427,-0.308651,0.00434,142.0729,-40.36965,10184973.0,1.0,1.0,100.0,0,,,09B69,0D
71553,108105.0,1996-12-03,09BA3.63,0,1997-03-22,1996-11-05,C,710000.0,55.5,56.5,0.0,101.0,0.183808,0.742128,0.004258,128.4605,-54.04147,10199907.0,1.0,1.0,100.0,0,,,09BA3,63
71554,108105.0,1996-12-03,09C09.4A,0,1997-12-20,1996-11-27,P,850000.0,91.25,93.25,0.0,106.0,0.150874,-0.688488,0.002911,256.0297,2.386015,10225994.0,1.0,1.0,100.0,0,,,09C09,4A
71555,108105.0,1996-12-03,09C09.9C,0,1997-02-22,1996-12-03,C,760000.0,18.375,19.125,51.0,148.0,0.158134,0.463617,0.007182,137.6342,-59.78951,10226076.0,1.0,1.0,100.0,0,,,09C09,9C
71556,108105.0,1996-12-03,09BBB.75,0,1997-01-18,1996-12-02,C,550000.0,195.75,196.75,0.0,329.0,,,,,,10206069.0,1.0,1.0,100.0,0,,,09BBB,75
71557,108105.0,1996-12-03,09D05.86,0,1997-12-20,1996-11-12,C,675000.0,113.0,115.0,0.0,2496.0,0.203548,0.754675,0.001883,223.3694,-32.81831,10290566.0,1.0,1.0,100.0,0,,,09D05,86
71558,108105.0,1996-12-03,09B71.FD,0,1996-12-21,1996-12-03,C,770000.0,1.75,2.0,307.0,2724.0,0.134188,0.169207,0.011996,39.51089,-64.25182,10187261.0,1.0,1.0,100.0,0,,,09B71,FD
71559,108105.0,1996-12-03,09C35.CC,0,1997-03-22,1996-11-04,C,575000.0,175.125,176.125,0.0,171.0,,,,,,10237388.0,1.0,1.0,100.0,0,,,09C35,CC
71560,108105.0,1996-12-03,09C8C.65,0,1997-01-18,1996-12-03,P,730000.0,11.625,12.375,249.0,5952.0,0.204233,-0.330322,0.006816,93.95418,-71.357,10259557.0,1.0,1.0,100.0,0,,,09C8C,65
71561,108105.0,1996-12-03,09CDF.B9,0,1997-02-22,1996-11-22,C,740000.0,29.625,30.625,0.0,1505.0,0.168069,0.601457,0.006547,133.3463,-63.78991,10280889.0,1.0,1.0,100.0,0,,,09CDF,B9
71562,108105.0,1996-12-03,09C65.48,0,1997-03-22,1996-09-09,C,620000.0,133.0,134.0,0.0,7.0,0.18838,0.969149,0.000728,22.50341,-21.87056,10249544.0,1.0,1.0,100.0,0,,,09C65,48
71563,108105.0,1996-12-03,09C3A.C1,0,1997-03-22,1996-11-25,C,730000.0,41.125,42.125,0.0,11.0,0.175105,0.651445,0.005149,147.9848,-56.70006,10238657.0,1.0,1.0,100.0,0,,,09C3A,C1
71564,108105.0,1996-12-03,09C3B.52,0,1997-06-21,1996-11-26,P,575000.0,3.625,4.0,0.0,6220.0,0.258312,-0.057909,0.000811,63.66491,-13.63838,10238802.0,1.0,1.0,100.0,0,,,09C3B,52
71565,108105.0,1996-12-03,09BF1.01,0,1997-03-22,1996-12-03,P,775000.0,38.5,39.5,505.0,2512.0,0.172622,-0.587956,0.005511,156.1398,-30.45088,10219777.0,1.0,1.0,100.0,0,,,09BF1,01
71566,108105.0,1996-12-03,09D0C.83,0,1997-01-18,1996-12-03,C,810000.0,0.8125,1.0625,57.0,298.0,0.138878,0.061221,0.003352,31.41939,-19.44842,10292355.0,1.0,1.0,100.0,0,,,09D0C,83
71567,108105.0,1996-12-03,09C95.69,0,1998-06-20,1996-11-27,P,850000.0,89.75,91.75,0.0,148.0,0.151931,-0.603677,0.002582,338.1457,2.654855,10261865.0,1.0,1.0,100.0,0,,,09C95,69
71568,108105.0,1996-12-03,09BCA.3D,0,1997-03-22,1996-12-02,C,750000.0,28.625,29.625,0.0,8835.0,0.166433,0.543132,0.005832,159.3306,-55.96163,10209853.0,1.0,1.0,100.0,0,,,09BCA,3D
71569,108105.0,1996-12-03,09C9C.D3,0,1997-12-20,1996-11-12,C,700000.0,95.0,97.0,0.0,1098.0,0.195373,0.705337,0.002184,248.7118,-34.18803,10263763.0,1.0,1.0,100.0,0,,,09C9C,D3
71570,108105.0,1996-12-03,09BD1.A4,0,1997-12-20,1996-12-03,P,575000.0,7.625,8.625,120.0,3445.0,0.236991,-0.087448,0.000873,120.5554,-11.26183,10211748.0,1.0,1.0,100.0,0,,,09BD1,A4
71571,108105.0,1996-12-03,09D5A.7D,0,1997-03-22,1996-12-02,C,700000.0,63.375,64.375,0.0,4099.0,0.189054,0.779442,0.003785,117.4638,-52.05722,10312317.0,1.0,1.0,100.0,0,,,09D5A,7D
71572,108105.0,1996-12-03,09CA1.F3,0,1997-06-21,,C,810000.0,15.0,15.75,0.0,0.0,0.15243,0.303059,0.004127,191.0553,-32.84645,10265075.0,1.0,1.0,100.0,0,,,09CA1,F3
71573,108105.0,1996-12-03,09C75.54,0,1997-02-22,1996-12-02,C,750000.0,23.5,24.5,0.0,1670.0,0.162352,0.534747,0.006989,137.517,-62.41436,10253652.0,1.0,1.0,100.0,0,,,09C75,54
71574,108105.0,1996-12-03,09C77.56,0,1997-03-22,1996-12-03,P,500000.0,0.25,0.375,90.0,532.0,0.321206,-0.006966,0.000149,7.854239,-4.127347,10254166.0,1.0,1.0,100.0,0,,,09C77,56
71575,108105.0,1996-12-03,09BFE.E9,0,1997-02-22,,C,745000.0,26.375,27.375,0.0,0.0,0.164416,0.569015,0.006819,135.8705,-63.06504,10223337.0,1.0,1.0,100.0,0,,,09BFE,E9
71576,108105.0,1996-12-03,09CA6.CD,0,1997-03-22,1996-12-03,C,800000.0,7.875,8.375,61.0,3232.0,0.145702,0.241785,0.00527,126.0338,-36.3664,10266317.0,1.0,1.0,100.0,0,,,09CA6,CD
71577,108105.0,1996-12-03,09C01.C5,0,1997-01-18,1996-12-03,P,720000.0,9.25,9.75,180.0,1984.0,0.212443,-0.270376,0.005986,85.83305,-68.91212,10224069.0,1.0,1.0,100.0,0,,,09C01,C5
71578,108105.0,1996-12-03,09BDB.A5,0,1996-12-21,1996-12-03,C,780000.0,0.6875,0.9375,1652.0,4804.0,0.137476,0.083501,0.007127,24.04886,-39.58096,10214309.0,1.0,1.0,100.0,0,,,09BDB,A5
71579,108105.0,1996-12-03,09D61.1A,0,1997-06-21,1996-12-03,P,775000.0,44.25,45.25,2.0,2343.0,0.170799,-0.526971,0.004166,216.1154,-19.6395,10314010.0,1.0,1.0,100.0,0,,,09D61,1A
71580,108105.0,1996-12-03,09D81.72,0,1997-03-22,1996-11-27,P,695000.0,11.25,12.0,0.0,349.0,0.215016,-0.219282,0.003382,119.3629,-38.14729,10322290.0,1.0,1.0,100.0,0,,,09D81,72
71581,108105.0,1996-12-03,09CFD.A1,0,1997-09-20,,C,600000.0,165.125,167.125,0.0,0.0,0.223509,0.890603,0.001084,107.4262,-26.21466,10288545.0,1.0,1.0,100.0,0,,,09CFD,A1
71582,108105.0,1996-12-03,09CD7.BC,0,1997-01-18,1996-12-03,P,740000.0,14.875,15.0,131.0,6025.0,0.194485,-0.398861,0.007623,100.0755,-70.76336,10278844.0,1.0,1.0,100.0,0,,,09CD7,BC
71583,108105.0,1996-12-03,09DD3.F8,0,1996-12-21,1996-12-03,P,720000.0,3.0,3.25,3850.0,3716.0,0.208272,-0.174413,0.00788,40.28283,-91.52161,10343416.0,1.0,1.0,100.0,0,,,09DD3,F8
71584,108105.0,1996-12-03,09CD8.9D,0,1997-06-21,1996-11-26,C,625000.0,136.75,137.75,0.0,1642.0,0.216602,0.892896,0.001396,91.85108,-30.95312,10279069.0,1.0,1.0,100.0,0,,,09CD8,9D
71585,108105.0,1996-12-03,09DAD.3B,0,1997-02-22,1996-11-26,P,790000.0,46.5,47.5,0.0,10700.0,0.174571,-0.703795,0.005624,118.9773,-29.36634,10333499.0,1.0,1.0,100.0,0,,,09DAD,3B
71586,108105.0,1996-12-03,09D25.B2,0,1996-12-21,1996-11-25,C,500000.0,243.875,244.875,0.0,1110.0,,,,,,10298802.0,1.0,1.0,100.0,0,,,09D25,B2
71587,108105.0,1996-12-03,09D49.50,0,1997-02-22,1996-11-26,C,730000.0,36.125,37.125,0.0,727.0,0.171997,0.663298,0.006038,125.8617,-63.07309,10307920.0,1.0,1.0,100.0,0,,,09D49,50
71588,108105.0,1996-12-03,09D28.34,0,1998-06-20,1996-12-02,P,775000.0,54.125,56.125,0.0,708.0,0.169158,-0.416706,0.00241,351.4234,-6.37971,10299444.0,1.0,1.0,100.0,0,,,09D28,34
71589,108105.0,1996-12-03,09D6B.77,0,1996-12-21,1996-11-27,C,450000.0,293.75,294.75,0.0,77.0,,,,,,10316663.0,1.0,1.0,100.0,0,,,09D6B,77
71590,108105.0,1996-12-03,09E7D.5B,0,1997-02-22,1996-11-26,P,550000.0,0.25,0.5,0.0,100.0,0.300326,-0.010106,0.000257,9.357623,-6.241537,10386779.0,1.0,1.0,100.0,0,,,09E7D,5B
71591,108105.0,1996-12-03,09E54.02,0,1997-02-22,1996-12-02,C,550000.0,197.25,198.25,0.0,155.0,,,,,,10376194.0,1.0,1.0,100.0,0,,,09E54,02
71592,108105.0,1996-12-03,09931.45,0,1997-06-21,1996-11-15,C,740000.0,48.375,49.375,0.0,748.0,0.177826,0.600385,0.003866,208.8281,-45.10567,10039621.0,1.0,1.0,100.0,0,,,09931,45
71593,108105.0,1996-12-03,09E54.EE,0,1998-06-20,1996-11-27,P,800000.0,64.25,66.25,0.0,137.0,0.162414,-0.477469,0.002546,356.4416,-3.87246,10376430.0,1.0,1.0,100.0,0,,,09E54,EE
71594,108105.0,1996-12-03,09ED2.7E,0,1997-12-20,1996-11-26,C,725000.0,78.25,80.25,0.0,2204.0,0.187577,0.648501,0.002477,270.839,-34.87725,10408574.0,1.0,1.0,100.0,0,,,09ED2,7E
71595,108105.0,1996-12-03,09E80.A6,0,1997-03-22,1996-12-02,C,630000.0,123.75,124.75,0.0,10.0,0.19569,0.95387,0.00106,34.04136,-26.16667,10387622.0,1.0,1.0,100.0,0,,,09E80,A6
71596,108105.0,1996-12-03,09D71.5D,0,1997-03-22,1996-11-11,P,645000.0,5.25,5.75,0.0,342.0,0.248494,-0.107185,0.001829,74.6212,-28.88655,10318173.0,1.0,1.0,100.0,0,,,09D71,5D
71597,108105.0,1996-12-03,09D73.AC,0,1997-12-20,1996-11-08,C,650000.0,131.875,133.875,0.0,5830.0,0.211155,0.797469,0.001594,196.25,-30.81654,10318764.0,1.0,1.0,100.0,0,,,09D73,AC
71598,108105.0,1996-12-03,0993A.AA,0,1997-06-21,1996-11-26,P,525000.0,1.625,1.875,0.0,1950.0,0.278359,-0.027627,0.000413,34.93735,-8.242651,10042026.0,1.0,1.0,100.0,0,,,0993A,AA
71599,108105.0,1996-12-03,09E11.A2,0,1998-06-20,1996-12-03,P,600000.0,13.375,14.625,600.0,2618.0,0.216819,-0.123253,0.001001,187.0776,-9.479115,10359202.0,1.0,1.0,100.0,0,,,09E11,A2
71600,108105.0,1996-12-03,09EDC.8B,0,1996-12-21,1996-12-03,P,730000.0,4.5,5.0,1281.0,9929.0,0.194645,-0.254269,0.010509,50.20564,-105.3685,10411147.0,1.0,1.0,100.0,0,,,09EDC,8B
71601,108105.0,1996-12-03,09E62.01,0,1998-06-20,1996-12-03,P,625000.0,16.75,18.0,1.0,2976.0,0.209671,-0.150751,0.001186,214.4088,-10.06773,10379777.0,1.0,1.0,100.0,0,,,09E62,01
71602,108105.0,1996-12-03,09E62.41,0,1997-03-22,1996-11-21,C,810000.0,5.625,6.125,0.0,3.0,0.142901,0.190586,0.004683,109.8389,-30.77794,10379841.0,1.0,1.0,100.0,0,,,09E62,41
71603,108105.0,1996-12-03,09D7B.7F,0,1998-06-20,1996-11-07,P,575000.0,10.625,11.875,0.0,58.0,0.224453,-0.100092,0.000834,161.3637,-8.769293,10320767.0,1.0,1.0,100.0,0,,,09D7B,7F
71604,108105.0,1996-12-03,09D7B.85,0,1997-02-22,1996-12-03,C,800000.0,4.875,5.25,80.0,846.0,0.142922,0.190319,0.005448,94.3683,-35.20735,10320773.0,1.0,1.0,100.0,0,,,09D7B,85
71605,108105.0,1996-12-03,09D99.13,0,1997-06-21,1996-12-02,C,750000.0,42.25,43.25,0.0,3943.0,0.173557,0.561484,0.004053,213.6454,-44.51308,10328339.0,1.0,1.0,100.0,0,,,09D99,13
71606,108105.0,1996-12-03,09DE8.A8,0,1997-12-20,1996-09-16,C,625000.0,151.75,153.75,0.0,1073.0,0.219526,0.833114,0.001325,169.5224,-28.50011,10348712.0,1.0,1.0,100.0,0,,,09DE8,A8
71607,108105.0,1996-12-03,09F54.E6,0,1997-01-18,1996-12-03,C,600000.0,146.5,147.5,30.0,1005.0,,,,,,10441958.0,1.0,1.0,100.0,0,,,09F54,E6
71608,108105.0,1996-12-03,09E91.03,0,1997-01-18,1996-11-26,P,780000.0,36.625,37.625,0.0,0.0,0.184775,-0.709289,0.007093,88.4593,-49.48785,10391811.0,1.0,1.0,100.0,0,,,09E91,03
71609,108105.0,1996-12-03,09E1A.9A,0,1997-02-22,,P,780000.0,39.625,40.625,0.0,0.0,0.175546,-0.647093,0.006025,128.1694,-35.03273,10361498.0,1.0,1.0,100.0,0,,,09E1A,9A
71610,108105.0,1996-12-03,09DEF.D9,0,1997-01-18,,C,745000.0,19.375,20.125,0.0,0.0,0.161064,0.566768,0.009365,101.8091,-79.89647,10350553.0,1.0,1.0,100.0,0,,,09DEF,D9
71611,108105.0,1996-12-03,09E44.BC,0,1996-12-21,1996-12-03,C,700000.0,46.125,47.125,2.0,313.0,,,,,,10372284.0,1.0,1.0,100.0,0,,,09E44,BC
71612,108105.0,1996-12-03,09DF1.72,0,1997-03-22,1996-11-27,C,675000.0,84.0,85.0,0.0,33394.0,0.198674,0.856881,0.002703,88.13065,-44.66361,10350962.0,1.0,1.0,100.0,0,,,09DF1,72
71613,108105.0,1996-12-03,09DF4.16,0,1997-01-18,1996-12-03,C,800000.0,1.6875,1.9375,118.0,2558.0,0.14227,0.104672,0.004904,47.09532,-30.08734,10351638.0,1.0,1.0,100.0,0,,,09DF4,16
71614,108105.0,1996-12-03,09F85.16,0,1996-12-21,1996-12-03,P,715000.0,2.375,2.875,632.0,8248.0,0.217573,-0.146471,0.00673,35.93806,-85.6814,10454294.0,1.0,1.0,100.0,0,,,09F85,16
71615,108105.0,1996-12-03,09F5E.B0,0,1996-12-21,1996-11-21,C,640000.0,104.5,105.5,0.0,1426.0,,,,,,10444464.0,1.0,1.0,100.0,0,,,09F5E,B0
71616,108105.0,1996-12-03,09F15.44,0,1996-12-21,1996-12-03,P,750000.0,12.0,12.5,1786.0,9312.0,0.190376,-0.501031,0.013361,62.43229,-123.3964,10425668.0,1.0,1.0,100.0,0,,,09F15,44
71617,108105.0,1996-12-03,09F87.CF,0,1996-12-21,1996-12-03,C,760000.0,4.125,4.5,2807.0,163.0,0.137146,0.31524,0.016528,55.63719,-94.02579,10454991.0,1.0,1.0,100.0,0,,,09F87,CF
71618,108105.0,1996-12-03,09F3D.28,0,1997-01-18,1996-12-03,C,770000.0,7.875,8.375,35.0,3228.0,0.150874,0.325518,0.009172,93.40134,-65.45265,10435880.0,1.0,1.0,100.0,0,,,09F3D,28
71619,108105.0,1996-12-03,09FCC.D9,0,1997-03-22,1996-12-03,P,625000.0,3.375,3.5,131.0,18116.0,0.251034,-0.071894,0.001345,55.43044,-21.90916,10472665.0,1.0,1.0,100.0,0,,,09FCC,D9
71620,108105.0,1996-12-03,09EA4.44,0,1997-01-18,1996-12-03,P,650000.0,1.6875,1.9375,260.0,1885.0,0.272698,-0.057632,0.001628,29.96652,-32.47379,10396740.0,1.0,1.0,100.0,0,,,09EA4,44
71621,108105.0,1996-12-03,09FAA.45,0,1997-03-22,1996-12-02,P,575000.0,1.3125,1.5625,0.0,12240.0,0.280867,-0.030745,0.000609,28.09719,-12.68165,10463813.0,1.0,1.0,100.0,0,,,09FAA,45
71622,108105.0,1996-12-03,09FF8.F5,0,1997-03-22,1996-12-02,P,780000.0,41.5,42.5,0.0,151.0,0.17162,-0.615115,0.005438,153.1817,-28.53479,10483957.0,1.0,1.0,100.0,0,,,09FF8,F5
71623,108105.0,1996-12-03,09F1D.DD,0,1997-06-21,1996-12-03,P,725000.0,25.0,26.0,1252.0,9038.0,0.191229,-0.335886,0.003432,199.3266,-26.13213,10427869.0,1.0,1.0,100.0,0,,,09F1D,DD
71624,108105.0,1996-12-03,09EF7.D6,0,1997-01-18,1996-12-03,P,755000.0,21.0,22.0,55.0,295.0,0.187986,-0.51751,0.008135,103.217,-67.43309,10418134.0,1.0,1.0,100.0,0,,,09EF7,D6
71625,108105.0,1996-12-03,09F92.60,0,1997-01-18,1996-12-03,P,705000.0,6.375,6.875,71.0,9216.0,0.224417,-0.196804,0.00475,71.94582,-62.09345,10457696.0,1.0,1.0,100.0,0,,,09F92,60
71626,108105.0,1996-12-03,09F44.68,0,1996-12-21,1996-12-03,P,620000.0,0.0,0.125,80.0,6644.0,0.342494,-0.003709,0.000206,1.734184,-6.686182,10437736.0,1.0,1.0,100.0,0,,,09F44,68
71627,108105.0,1996-12-03,0A0A4.F5,0,1997-12-20,1996-11-18,C,475000.0,281.625,283.625,0.0,23.0,0.255911,0.951834,0.000273,40.70268,-11.12974,10527989.0,1.0,1.0,100.0,0,,,0A0A4,F5
71628,108105.0,1996-12-03,09F22.1D,0,1998-06-20,1996-11-27,P,725000.0,37.375,39.375,0.0,956.0,0.181932,-0.307992,0.002037,319.5519,-9.459956,10428957.0,1.0,1.0,100.0,0,,,09F22,1D
71629,108105.0,1996-12-03,0A051.E7,0,1997-06-21,1996-10-09,C,475000.0,275.375,276.375,0.0,4.0,,,,,,10506727.0,1.0,1.0,100.0,0,,,0A051,E7
71630,108105.0,1996-12-03,09FFF.D4,0,1997-03-22,1996-11-26,C,660000.0,96.875,97.875,0.0,32.0,0.200892,0.894973,0.002116,69.78518,-38.8645,10485716.0,1.0,1.0,100.0,0,,,09FFF,D4
71631,108105.0,1996-12-03,0A02C.1C,0,1997-03-22,1996-12-03,P,690000.0,10.375,11.125,200.0,2768.0,0.218003,-0.204204,0.0032,114.5055,-37.34039,10497052.0,1.0,1.0,100.0,0,,,0A02C,1C
71632,108105.0,1996-12-03,09F97.EC,0,1997-09-20,,P,850000.0,91.5,93.5,0.0,0.0,0.148196,-0.748751,0.003063,201.2232,3.30702,10459116.0,1.0,1.0,100.0,0,,,09F97,EC
71633,108105.0,1996-12-03,09F99.66,0,1997-03-22,1996-12-03,C,825000.0,3.125,3.5,130.0,235.0,0.137666,0.123595,0.003654,82.56184,-22.01163,10459494.0,1.0,1.0,100.0,0,,,09F99,66
71634,108105.0,1996-12-03,09F4B.66,0,1996-12-21,1996-12-03,C,675000.0,70.25,71.25,5.0,9799.0,,,,,,10439526.0,1.0,1.0,100.0,0,,,09F4B,66
71635,108105.0,1996-12-03,09FDC.E6,0,1997-03-22,1996-12-03,P,600000.0,2.375,2.5,4.0,15699.0,0.270896,-0.050159,0.000941,41.8283,-18.05156,10476774.0,1.0,1.0,100.0,0,,,09FDC,E6
71636,108105.0,1996-12-03,09FDC.FE,0,1996-12-21,1996-09-06,C,635000.0,109.5,110.5,0.0,296.0,,,,,,10476798.0,1.0,1.0,100.0,0,,,09FDC,FE
71637,108105.0,1996-12-03,0A0CF.85,0,1996-12-21,1996-12-03,P,735000.0,6.0,6.5,2518.0,8905.0,0.195043,-0.31108,0.011556,55.3205,-115.5891,10538885.0,1.0,1.0,100.0,0,,,0A0CF,85
71638,108105.0,1996-12-03,0A02F.38,0,1997-06-21,1996-12-03,P,500000.0,1.0,1.25,30.0,2026.0,0.28746,-0.018173,0.000281,24.54735,-6.031052,10497848.0,1.0,1.0,100.0,0,,,0A02F,38
71639,108105.0,1996-12-03,0A082.3D,0,1997-01-18,1996-12-03,P,695000.0,5.125,5.625,15.0,1129.0,0.235347,-0.160609,0.003985,63.3041,-57.81769,10519101.0,1.0,1.0,100.0,0,,,0A082,3D
71640,108105.0,1996-12-03,0A0B2.40,0,1997-06-21,1996-11-14,C,675000.0,94.75,95.75,0.0,6850.0,0.200482,0.800424,0.002413,146.907,-39.98846,10531392.0,1.0,1.0,100.0,0,,,0A0B2,40
71641,108105.0,1996-12-03,0A05C.8B,0,1996-12-21,1996-12-02,P,645000.0,0.125,0.1875,0.0,2754.0,0.308958,-0.009396,0.000521,3.953765,-13.70907,10509451.0,1.0,1.0,100.0,0,,,0A05C,8B
71642,108105.0,1996-12-03,0A126.A7,0,1997-09-20,1996-12-03,P,625000.0,10.0,11.0,4.0,4842.0,0.224167,-0.128193,0.001395,138.6501,-16.13214,10561191.0,1.0,1.0,100.0,0,,,0A126,A7
71643,108105.0,1996-12-03,0A176.BC,0,1997-06-21,1996-12-03,P,750000.0,33.375,34.375,29.0,4851.0,0.180375,-0.425713,0.003901,213.7067,-24.03591,10581692.0,1.0,1.0,100.0,0,,,0A176,BC
71644,108105.0,1996-12-03,0A03A.FD,0,1996-12-21,1996-12-02,C,600000.0,144.25,145.25,0.0,9392.0,,,,,,10500861.0,1.0,1.0,100.0,0,,,0A03A,FD
71645,108105.0,1996-12-03,0A151.21,0,1996-12-21,1996-12-02,C,650000.0,94.625,95.625,0.0,8083.0,,,,,,10572065.0,1.0,1.0,100.0,0,,,0A151,21
71646,108105.0,1996-12-03,0A010.50,0,1996-12-21,1996-12-03,C,765000.0,2.625,3.0,915.0,4304.0,0.133664,0.233162,0.014604,47.91171,-78.23853,10489936.0,1.0,1.0,100.0,0,,,0A010,50
71647,108105.0,1996-12-03,0A153.7A,0,1996-12-21,1996-11-11,P,595000.0,0.0,0.25,0.0,6044.0,0.441297,-0.005511,0.000228,2.470098,-12.29998,10572666.0,1.0,1.0,100.0,0,,,0A153,7A
71648,108105.0,1996-12-03,0A03E.E5,0,1997-01-18,1996-11-25,P,640000.0,1.3125,1.5625,0.0,1226.0,0.281739,-0.045899,0.001315,25.00582,-28.09013,10501861.0,1.0,1.0,100.0,0,,,0A03E,E5
71649,108105.0,1996-12-03,09FF2.B7,0,1997-01-18,,C,795000.0,2.0625,2.4375,0.0,0.0,0.140476,0.126402,0.005679,53.85005,-34.14592,10482359.0,1.0,1.0,100.0,0,,,09FF2,B7
71650,108105.0,1996-12-03,0A0E6.D7,0,1997-01-18,1996-12-03,P,775000.0,33.25,34.25,611.0,2629.0,0.186725,-0.67229,0.007403,93.30621,-54.99226,10544855.0,1.0,1.0,100.0,0,,,0A0E6,D7
71651,108105.0,1996-12-03,0A1A9.FE,0,1997-02-22,1996-12-03,P,710000.0,11.375,12.125,2.0,956.0,0.209497,-0.254841,0.00439,111.4609,-47.49448,10594814.0,1.0,1.0,100.0,0,,,0A1A9,FE
71652,108105.0,1996-12-03,0A15C.85,0,1997-03-22,1996-11-06,C,680000.0,79.625,80.625,0.0,668.0,0.195551,0.844803,0.002908,93.35419,-45.90403,10574981.0,1.0,1.0,100.0,0,,,0A15C,85
71653,108105.0,1996-12-03,0A1F3.11,0,1997-01-18,1996-12-03,P,750000.0,18.5,19.25,1160.0,13418.0,0.187806,-0.47704,0.00814,103.1846,-68.40383,10613521.0,1.0,1.0,100.0,0,,,0A1F3,11
71654,108105.0,1996-12-03,0A1F4.E4,0,1997-06-21,1996-12-02,P,825000.0,74.125,75.125,0.0,5.0,0.154313,-0.734638,0.003728,174.7171,-4.123978,10613988.0,1.0,1.0,100.0,0,,,0A1F4,E4
71655,108105.0,1996-12-03,0A26C.BD,0,1996-12-21,1996-12-03,C,730000.0,20.125,21.0,5.0,3822.0,0.116818,0.858633,0.012174,34.90451,-65.06057,10644669.0,1.0,1.0,100.0,0,,,0A26C,BD
71656,108105.0,1996-12-03,0A1D1.20,0,1996-12-21,1996-11-26,P,375000.0,0.0,0.0625,0.0,7562.0,1.066108,-0.000657,1.4e-05,0.358224,-4.339307,10604832.0,1.0,1.0,100.0,0,,,0A1D1,20
71657,108105.0,1996-12-03,0A1B1.9D,0,1996-12-21,1996-12-03,C,790000.0,0.375,0.625,700.0,726.0,0.152683,0.050529,0.004347,16.29042,-29.50159,10596765.0,1.0,1.0,100.0,0,,,0A1B1,9D
71658,108105.0,1996-12-03,0A26F.C9,0,1996-12-21,1996-11-27,C,685000.0,60.375,61.375,0.0,8520.0,,,,,,10645449.0,1.0,1.0,100.0,0,,,0A26F,C9
71659,108105.0,1996-12-03,0A165.D4,0,1997-01-18,1996-12-03,P,760000.0,23.75,24.75,249.0,555.0,0.187437,-0.55777,0.008077,102.1855,-65.32137,10577364.0,1.0,1.0,100.0,0,,,0A165,D4
71660,108105.0,1996-12-03,0A2C6.5C,0,1997-12-20,1996-11-21,C,525000.0,236.875,238.875,0.0,1922.0,0.248952,0.925937,0.000526,76.34641,-17.1505,10667612.0,1.0,1.0,100.0,0,,,0A2C6,5C
71661,108105.0,1996-12-03,0A2F0.9E,0,1997-12-20,1996-11-21,C,575000.0,193.375,195.375,0.0,190.0,0.235342,0.888118,0.00087,119.3092,-23.05931,10678430.0,1.0,1.0,100.0,0,,,0A2F0,9E
71662,108105.0,1996-12-03,0A223.D5,0,1998-06-20,1996-12-02,P,650000.0,20.375,22.375,0.0,2494.0,0.202512,-0.182596,0.001388,242.2697,-10.42579,10626005.0,1.0,1.0,100.0,0,,,0A223,D5
71663,108105.0,1996-12-03,0A1BD.4F,0,1997-03-22,1996-11-21,C,635000.0,119.25,120.25,0.0,3350.0,0.199694,0.944069,0.001245,40.81615,-28.73289,10599759.0,1.0,1.0,100.0,0,,,0A1BD,4F
71664,108105.0,1996-12-03,0A318.84,0,1998-06-20,1996-08-01,C,650000.0,147.0,149.0,0.0,10.0,0.212538,0.771963,0.001356,248.4842,-26.97876,10688644.0,1.0,1.0,100.0,0,,,0A318,84
71665,108105.0,1996-12-03,0A1E0.9F,0,1997-06-21,1996-11-20,C,650000.0,115.25,116.25,0.0,4788.0,0.208814,0.852496,0.00187,118.58,-35.71105,10608799.0,1.0,1.0,100.0,0,,,0A1E0,9F
71666,108105.0,1996-12-03,0A2D1.AB,0,1997-12-20,1996-12-02,C,800000.0,37.375,39.375,0.0,63.0,0.166622,0.44055,0.003034,294.6433,-31.55665,10670507.0,1.0,1.0,100.0,0,,,0A2D1,AB
71667,108105.0,1996-12-03,0A257.D8,0,1997-09-20,1996-11-27,P,775000.0,47.875,49.875,0.0,3479.0,0.170809,-0.488886,0.003439,260.4311,-14.27372,10639320.0,1.0,1.0,100.0,0,,,0A257,D8
71668,108105.0,1996-12-03,0A1E8.B5,0,1997-01-18,1996-11-26,C,680000.0,70.5,71.5,0.0,1209.0,0.15174,0.969178,0.00162,16.59394,-28.6951,10610869.0,1.0,1.0,100.0,0,,,0A1E8,B5
71669,108105.0,1996-12-03,0A396.48,0,1997-03-22,1996-11-26,P,620000.0,3.5,3.875,0.0,3058.0,0.26384,-0.072965,0.001294,56.06083,-23.36547,10720840.0,1.0,1.0,100.0,0,,,0A396,48
71670,108105.0,1996-12-03,0A374.7C,0,1997-01-18,1996-11-19,C,640000.0,107.75,108.75,0.0,40.0,,,,,,10712188.0,1.0,1.0,100.0,0,,,0A374,7C
71671,108105.0,1996-12-03,0A211.A8,0,1997-06-21,1996-11-27,C,725000.0,58.25,59.25,0.0,4675.0,0.184468,0.654276,0.003543,198.4988,-45.30165,10621352.0,1.0,1.0,100.0,0,,,0A211,A8
71672,108105.0,1996-12-03,0A3C6.49,0,1998-06-20,1996-12-03,P,825000.0,73.0,75.0,8.0,136.0,0.147825,-0.548453,0.002754,350.9664,0.244598,10733129.0,1.0,1.0,100.0,0,,,0A3C6,49
71673,108105.0,1996-12-03,0A237.E9,0,1998-06-20,1996-12-03,P,675000.0,25.125,27.125,580.0,2213.0,0.195474,-0.219251,0.001601,269.8789,-10.49333,10631145.0,1.0,1.0,100.0,0,,,0A237,E9
71674,108105.0,1996-12-03,0A214.C1,0,1997-06-21,1996-11-29,C,800000.0,18.375,19.125,0.0,2359.0,0.155336,0.345883,0.004271,201.5163,-35.6379,10622145.0,1.0,1.0,100.0,0,,,0A214,C1
71675,108105.0,1996-12-03,0A262.E1,0,1997-03-22,1996-12-03,C,740000.0,34.625,35.625,5.0,101.0,0.170815,0.599259,0.005528,155.0037,-56.83556,10642145.0,1.0,1.0,100.0,0,,,0A262,E1
71676,108105.0,1996-12-03,0A37A.34,0,1997-09-20,,P,810000.0,65.75,67.75,0.0,0.0,0.159768,-0.612248,0.003496,247.6525,-7.375405,10713652.0,1.0,1.0,100.0,0,,,0A37A,34
71677,108105.0,1996-12-03,0A2E1.F4,0,1997-01-18,1996-12-03,P,690000.0,4.625,5.0,12.0,3675.0,0.240217,-0.144558,0.003641,59.03528,-55.24197,10674676.0,1.0,1.0,100.0,0,,,0A2E1,F4
71678,108105.0,1996-12-03,0A2BA.71,0,1997-03-22,,P,825000.0,74.375,75.375,0.0,0.0,0.166164,-0.820612,0.003779,103.0573,-6.414106,10664561.0,1.0,1.0,100.0,0,,,0A2BA,71
71679,108105.0,1996-12-03,0A266.90,0,1997-09-20,1996-12-02,P,650000.0,13.25,14.0,0.0,3639.0,0.213458,-0.164512,0.001731,163.8154,-17.58827,10643088.0,1.0,1.0,100.0,0,,,0A266,90
71680,108105.0,1996-12-03,0A3F1.77,0,1997-03-22,1996-11-05,C,500000.0,247.625,248.625,0.0,12.0,,,,,,10744183.0,1.0,1.0,100.0,0,,,0A3F1,77
71681,108105.0,1996-12-03,0A296.0D,0,1997-01-18,1996-12-02,P,770000.0,29.875,30.875,0.0,63.0,0.186729,-0.635672,0.007706,97.12695,-58.97924,10655245.0,1.0,1.0,100.0,0,,,0A296,0D
71682,108105.0,1996-12-03,0A331.E9,0,1996-12-21,1996-12-03,P,765000.0,22.125,23.125,527.0,1219.0,0.211614,-0.671573,0.010881,56.51469,-119.7476,10695145.0,1.0,1.0,100.0,0,,,0A331,E9
71683,108105.0,1996-12-03,0A312.43,0,1997-09-20,1996-12-02,P,700000.0,22.75,24.75,0.0,4661.0,0.197702,-0.267641,0.002476,217.0321,-19.69766,10687043.0,1.0,1.0,100.0,0,,,0A312,43
71684,108105.0,1996-12-03,0A3F7.68,0,1997-01-18,1996-12-03,P,725000.0,10.25,11.0,177.0,8624.0,0.207701,-0.29872,0.00642,90.0086,-70.10971,10745704.0,1.0,1.0,100.0,0,,,0A3F7,68
71685,108105.0,1996-12-03,0A48E.87,0,1997-09-20,,C,715000.0,75.0,77.0,0.0,0.0,0.188344,0.677511,0.002754,229.9715,-38.5473,10784391.0,1.0,1.0,100.0,0,,,0A48E,87
71686,108105.0,1996-12-03,0A4BB.25,0,1997-12-20,1996-12-02,C,750000.0,63.125,65.125,0.0,2479.0,0.180797,0.584456,0.002727,287.438,-34.80795,10795813.0,1.0,1.0,100.0,0,,,0A4BB,25
71687,108105.0,1996-12-03,0A3DA.AD,0,1997-12-20,1996-12-03,P,600000.0,10.125,11.375,162.0,5361.0,0.229833,-0.113029,0.001084,145.2911,-12.84444,10738349.0,1.0,1.0,100.0,0,,,0A3DA,AD
71688,108105.0,1996-12-03,0A531.DC,0,1998-06-20,1996-12-03,P,750000.0,44.875,46.875,2.0,1648.0,0.174705,-0.359878,0.002248,338.5209,-8.141099,10826204.0,1.0,1.0,100.0,0,,,0A531,DC
71689,108105.0,1996-12-03,0A366.FC,0,1997-03-22,1996-11-27,P,640000.0,4.875,5.25,0.0,4710.0,0.251306,-0.09915,0.00171,70.52073,-27.6937,10708732.0,1.0,1.0,100.0,0,,,0A366,FC
71690,108105.0,1996-12-03,0A473.04,0,1997-06-21,1996-11-08,C,550000.0,204.625,205.625,0.0,125.0,0.212725,0.970905,0.000334,21.60191,-14.87004,10777348.0,1.0,1.0,100.0,0,,,0A473,04
71691,108105.0,1996-12-03,0A537.B7,0,1997-03-22,1996-12-03,P,740000.0,22.625,23.625,25.0,646.0,0.188401,-0.399377,0.005032,155.6161,-39.64883,10827703.0,1.0,1.0,100.0,0,,,0A537,B7
71692,108105.0,1996-12-03,0A40E.E2,0,1997-09-20,,C,675000.0,104.0,105.0,0.0,0.0,0.199353,0.774226,0.002131,188.3103,-35.52287,10751714.0,1.0,1.0,100.0,0,,,0A40E,E2
71693,108105.0,1996-12-03,0A42F.76,0,1997-02-22,1996-12-02,C,770000.0,14.5,14.625,0.0,1131.0,0.156545,0.392952,0.007028,133.3273,-56.35069,10760054.0,1.0,1.0,100.0,0,,,0A42F,76
71694,108105.0,1996-12-03,0A4CF.CA,0,1997-06-21,1996-11-27,P,800000.0,57.625,58.625,0.0,45.0,0.161177,-0.634019,0.004144,202.8897,-12.59975,10801098.0,1.0,1.0,100.0,0,,,0A4CF,CA
71695,108105.0,1996-12-03,0A5DA.43,0,1997-01-18,1996-11-12,C,690000.0,61.5,62.5,0.0,800.0,0.168108,0.927985,0.003039,34.47924,-41.84907,10869315.0,1.0,1.0,100.0,0,,,0A5DA,43
71696,108105.0,1996-12-03,0A456.69,0,1997-03-22,,C,640000.0,114.75,115.75,0.0,0.0,0.201785,0.934561,0.00142,47.01711,-31.04548,10770025.0,1.0,1.0,100.0,0,,,0A456,69
71697,108105.0,1996-12-03,0A521.01,0,1996-12-21,1996-11-18,P,450000.0,0.0,0.0625,0.0,568.0,0.799238,-0.000871,2.4e-05,0.464654,-4.21421,10821889.0,1.0,1.0,100.0,0,,,0A521,01
71698,108105.0,1996-12-03,0A5DC.C2,0,1996-12-21,1996-11-27,C,705000.0,41.5,42.5,0.0,8311.0,,,,,,10869954.0,1.0,1.0,100.0,0,,,0A5DC,C2
71699,108105.0,1996-12-03,0A481.22,0,1997-01-18,,C,645000.0,103.0,104.0,0.0,0.0,,,,,,10780962.0,1.0,1.0,100.0,0,,,0A481,22
71700,108105.0,1996-12-03,0A4FE.D7,0,1996-12-21,1996-12-03,P,710000.0,1.875,2.125,72.0,6985.0,0.219945,-0.116397,0.00568,30.66163,-74.1412,10813143.0,1.0,1.0,100.0,0,,,0A4FE,D7
71701,108105.0,1996-12-03,0A528.60,0,1997-03-22,1996-12-03,P,715000.0,15.375,16.125,72.0,1221.0,0.202433,-0.288656,0.004148,137.8438,-40.16167,10823776.0,1.0,1.0,100.0,0,,,0A528,60
71702,108105.0,1996-12-03,0A529.A6,0,1997-09-20,1996-11-27,C,775000.0,39.25,41.25,0.0,738.0,0.168943,0.49091,0.003477,260.4322,-36.71618,10824102.0,1.0,1.0,100.0,0,,,0A529,A6
71703,108105.0,1996-12-03,0A595.79,0,1997-03-22,1996-12-03,P,760000.0,30.875,31.875,10.0,79.0,0.179181,-0.504239,0.005454,160.4192,-35.83008,10851705.0,1.0,1.0,100.0,0,,,0A595,79
71704,108105.0,1996-12-03,0A631.A5,0,1997-06-21,1996-12-02,P,730000.0,26.5,27.5,0.0,732.0,0.188988,-0.352735,0.003535,202.9299,-25.88437,10891685.0,1.0,1.0,100.0,0,,,0A631,A5
71705,108105.0,1996-12-03,0A613.52,0,1997-03-22,1996-11-21,C,650000.0,105.75,106.75,0.0,9675.0,0.202173,0.915819,0.001758,58.34594,-35.05514,10883922.0,1.0,1.0,100.0,0,,,0A613,52
71706,108105.0,1996-12-03,0A578.D5,0,1997-03-22,1996-11-27,C,720000.0,48.125,49.125,0.0,954.0,0.179619,0.699002,0.004713,138.957,-55.76721,10844373.0,1.0,1.0,100.0,0,,,0A578,D5
71707,108105.0,1996-12-03,0A5EB.5C,0,1997-01-18,1996-12-02,P,550000.0,0.0625,0.1875,0.0,374.0,0.349332,-0.004265,0.000138,3.258753,-4.617094,10873692.0,1.0,1.0,100.0,0,,,0A5EB,5C
71708,108105.0,1996-12-03,0A6B3.AA,0,1997-03-22,1996-11-21,C,625000.0,128.375,129.375,0.0,25481.0,0.193231,0.961367,0.0009,28.54966,-24.12848,10924970.0,1.0,1.0,100.0,0,,,0A6B3,AA
71709,108105.0,1996-12-03,0A689.FB,0,1997-06-21,1996-08-22,C,525000.0,228.0,229.0,0.0,11.0,,,,,,10914299.0,1.0,1.0,100.0,0,,,0A689,FB
71710,108105.0,1996-12-03,0A6B3.DA,0,1998-06-20,1996-12-03,C,825000.0,42.875,44.875,2.0,908.0,0.165284,0.428691,0.002478,353.1245,-26.57348,10925018.0,1.0,1.0,100.0,0,,,0A6B3,DA
71711,108105.0,1996-12-03,0A638.B4,0,1997-09-20,1996-12-03,P,750000.0,37.625,39.625,270.0,6405.0,0.179096,-0.406306,0.003204,254.4163,-17.40059,10893492.0,1.0,1.0,100.0,0,,,0A638,B4
71712,108105.0,1996-12-03,0A732.8B,0,1997-03-22,1996-11-25,P,630000.0,4.125,4.5,0.0,2316.0,0.257403,-0.08501,0.00149,62.93422,-25.45926,10957451.0,1.0,1.0,100.0,0,,,0A732,8B
71713,108105.0,1996-12-03,0A5CA.89,0,1997-09-20,1996-12-02,P,800000.0,60.125,62.125,0.0,20.0,0.162539,-0.576909,0.003525,254.0093,-9.575739,10865289.0,1.0,1.0,100.0,0,,,0A5CA,89
71714,108105.0,1996-12-03,0A5CB.8C,0,1998-06-20,1996-11-27,C,700000.0,111.5,113.5,0.0,2075.0,0.19676,0.696378,0.001762,298.8534,-29.14705,10865548.0,1.0,1.0,100.0,0,,,0A5CB,8C
71715,108105.0,1996-12-03,0A5F1.F1,0,1997-03-22,,C,610000.0,142.125,143.125,0.0,0.0,,,,,,10875377.0,1.0,1.0,100.0,0,,,0A5F1,F1
71716,108105.0,1996-12-03,0A664.36,0,1997-01-18,1996-11-25,C,715000.0,40.25,41.25,0.0,174.0,0.171087,0.802054,0.006194,71.53251,-66.86548,10904630.0,1.0,1.0,100.0,0,,,0A664,36
71717,108105.0,1996-12-03,0A68F.04,0,1997-01-18,1996-12-03,C,700000.0,52.75,53.75,10.0,2551.0,0.172499,0.883271,0.004293,49.98663,-53.03445,10915588.0,1.0,1.0,100.0,0,,,0A68F,04
71718,108105.0,1996-12-03,0A70F.77,0,1997-09-20,1996-11-21,C,725000.0,68.25,70.25,0.0,1350.0,0.184681,0.650097,0.002911,238.3603,-38.74411,10948471.0,1.0,1.0,100.0,0,,,0A70F,77
71719,108105.0,1996-12-03,0A77D.75,0,1997-12-20,1996-11-26,C,825000.0,27.125,29.125,0.0,192.0,0.159718,0.364342,0.003027,281.8366,-28.41815,10976629.0,1.0,1.0,100.0,0,,,0A77D,75
71720,108105.0,1996-12-03,0A77D.DD,0,1997-01-18,1996-11-29,C,710000.0,44.375,45.375,0.0,11433.0,0.173113,0.830255,0.005551,64.8613,-63.09317,10976733.0,1.0,1.0,100.0,0,,,0A77D,DD
71721,108105.0,1996-12-03,0A691.95,0,1997-02-22,1996-12-02,C,780000.0,10.125,10.875,0.0,150.0,0.150479,0.319584,0.006801,124.0337,-49.80727,10916245.0,1.0,1.0,100.0,0,,,0A691,95
71722,108105.0,1996-12-03,0A73B.2B,0,1997-06-21,1996-12-03,P,650000.0,9.875,10.375,2.0,21718.0,0.223154,-0.147486,0.001866,126.4874,-22.12346,10959659.0,1.0,1.0,100.0,0,,,0A73B,2B
71723,108105.0,1996-12-03,0A66B.CD,0,1996-12-21,1996-11-25,C,665000.0,79.875,80.875,0.0,1078.0,,,,,,10906573.0,1.0,1.0,100.0,0,,,0A66B,CD
71724,108105.0,1996-12-03,0A75E.43,0,1997-02-22,1996-11-29,P,770000.0,33.625,34.625,0.0,14.0,0.178794,-0.585173,0.006218,134.7317,-40.44601,10968643.0,1.0,1.0,100.0,0,,,0A75E,43
71725,108105.0,1996-12-03,0A5F9.D8,0,1997-06-21,1996-11-25,P,450000.0,0.3125,0.5625,0.0,214.0,0.306863,-0.007335,0.00012,11.17365,-2.970398,10877400.0,1.0,1.0,100.0,0,,,0A5F9,D8
71726,108105.0,1996-12-03,0A7A7.F9,0,1997-06-21,1996-11-25,C,600000.0,158.875,159.875,0.0,1369.0,0.221459,0.925125,0.000991,66.67266,-25.73287,10987513.0,1.0,1.0,100.0,0,,,0A7A7,F9
71727,108105.0,1996-12-03,0A66D.B4,0,1997-03-22,1996-10-28,C,685000.0,75.375,76.375,0.0,252.0,0.193183,0.830895,0.003124,99.05181,-47.32325,10907060.0,1.0,1.0,100.0,0,,,0A66D,B4
71728,108105.0,1996-12-03,0995C.60,0,1997-06-21,1996-12-02,C,700000.0,76.0,77.0,0.0,2910.0,0.194452,0.732733,0.00297,175.4044,-43.78364,10050656.0,1.0,1.0,100.0,0,,,0995C,60
71729,108105.0,1996-12-03,0A744.8B,0,1997-01-18,1996-12-02,C,650000.0,98.25,99.25,0.0,1207.0,,,,,,10962059.0,1.0,1.0,100.0,0,,,0A744,8B
71730,108105.0,1996-12-03,0A6CA.31,0,1997-03-22,1996-12-03,P,730000.0,19.5,20.25,5.0,2939.0,0.194051,-0.352107,0.004699,149.6865,-40.44023,10930737.0,1.0,1.0,100.0,0,,,0A6CA,31
71731,108105.0,1996-12-03,0A721.FF,0,1997-02-22,1996-12-03,P,750000.0,23.625,24.625,57.0,1415.0,0.186401,-0.460548,0.006089,137.5392,-47.41151,10953215.0,1.0,1.0,100.0,0,,,0A721,FF
71732,108105.0,1996-12-03,0A828.FD,0,1997-03-22,1996-11-13,C,670000.0,88.25,89.25,0.0,3568.0,0.199722,0.870232,0.002503,82.03971,-42.81459,11020541.0,1.0,1.0,100.0,0,,,0A828,FD
71733,108105.0,1996-12-03,0A650.A0,0,1997-09-20,1996-11-14,C,700000.0,85.625,87.625,0.0,119.0,0.194141,0.715355,0.00251,215.9957,-37.94817,10899616.0,1.0,1.0,100.0,0,,,0A650,A0
71734,108105.0,1996-12-03,09965.B2,0,1996-12-21,1996-12-03,C,775000.0,1.0625,1.25,1815.0,8458.0,0.132903,0.115195,0.009331,30.43657,-48.71748,10053042.0,1.0,1.0,100.0,0,,,09965,B2
71735,108105.0,1996-12-03,0A6FC.42,0,1996-12-21,1996-12-03,P,770000.0,26.25,27.25,42.0,314.0,0.222328,-0.712351,0.009767,53.2958,-117.3265,10943554.0,1.0,1.0,100.0,0,,,0A6FC,42
71736,108105.0,1996-12-03,0A74D.E4,0,1997-06-21,1996-11-22,C,500000.0,251.5,252.5,0.0,38.0,,,,,,10964452.0,1.0,1.0,100.0,0,,,0A74D,E4
71737,108105.0,1996-12-03,0A76C.7D,0,1997-06-21,1996-12-03,P,675000.0,13.375,14.125,30.0,8474.0,0.21133,-0.1963,0.002364,151.7494,-24.36199,10972285.0,1.0,1.0,100.0,0,,,0A76C,7D
71738,108105.0,1996-12-03,0A82F.15,0,1996-12-21,1996-12-03,P,740000.0,8.0,8.5,3124.0,2258.0,0.198776,-0.3739,0.012156,59.3079,-125.4325,11022101.0,1.0,1.0,100.0,0,,,0A82F,15
71739,108105.0,1996-12-03,0A84F.C2,0,1997-03-22,1996-12-03,P,670000.0,7.875,8.375,1000.0,9377.0,0.232994,-0.155207,0.00252,96.38533,-34.32615,11030466.0,1.0,1.0,100.0,0,,,0A84F,C2
71740,108105.0,1996-12-03,0A84F.D7,0,1997-03-22,1996-11-26,P,705000.0,13.125,13.875,0.0,218.0,0.208426,-0.251726,0.003764,128.7684,-39.30816,11030487.0,1.0,1.0,100.0,0,,,0A84F,D7
71741,108105.0,1996-12-03,0A74F.FE,0,1997-01-18,1996-12-02,C,730000.0,29.0,30.0,0.0,3921.0,0.167346,0.695753,0.007999,90.35061,-77.00793,10964990.0,1.0,1.0,100.0,0,,,0A74F,FE
71742,108105.0,1996-12-03,0A944.4B,0,1997-06-21,,P,810000.0,64.0,65.0,0.0,0.0,0.158807,-0.674832,0.004009,193.4011,-9.493282,11093067.0,1.0,1.0,100.0,0,,,0A944,4B
71743,108105.0,1996-12-03,0A795.CF,0,1997-02-22,,C,720000.0,43.375,44.375,0.0,0.0,0.177538,0.717651,0.005403,116.2431,-61.57452,10982863.0,1.0,1.0,100.0,0,,,0A795,CF
71744,108105.0,1996-12-03,0A8A0.3F,0,1997-02-22,1996-12-03,P,730000.0,16.5,17.25,160.0,1125.0,0.197131,-0.347388,0.005364,128.1516,-49.52192,11051071.0,1.0,1.0,100.0,0,,,0A8A0,3F
71745,108105.0,1996-12-03,0A8F3.DB,0,1997-02-22,,P,800000.0,54.0,55.0,0.0,0.0,0.174534,-0.754404,0.005106,108.0068,-23.36621,11072475.0,1.0,1.0,100.0,0,,,0A8F3,DB
71746,108105.0,1996-12-03,0A96D.01,0,1997-12-20,1996-11-29,C,775000.0,49.125,51.125,0.0,2187.0,0.17269,0.514461,0.002941,296.0496,-33.57494,11103489.0,1.0,1.0,100.0,0,,,0A96D,01
71747,108105.0,1996-12-03,0A835.A4,0,1997-01-18,1996-12-03,P,600000.0,0.5,0.625,10.0,2107.0,0.317335,-0.018119,0.00054,11.56061,-14.77009,11023780.0,1.0,1.0,100.0,0,,,0A835,A4
71748,108105.0,1996-12-03,0A7E6.9D,0,1996-12-21,,C,585000.0,159.125,160.125,0.0,0.0,,,,,,11003549.0,1.0,1.0,100.0,0,,,0A7E6,9D
71749,108105.0,1996-12-03,0A836.7E,0,1997-03-22,1996-12-02,P,450000.0,0.125,0.1875,0.0,1459.0,0.365096,-0.003275,6.7e-05,4.008827,-2.413252,11023998.0,1.0,1.0,100.0,0,,,0A836,7E
71750,108105.0,1996-12-03,0A7C3.4A,0,1996-12-21,1996-12-03,P,630000.0,0.0625,0.1875,25.0,6475.0,0.342005,-0.006989,0.000363,3.048421,-11.7246,10994506.0,1.0,1.0,100.0,0,,,0A7C3,4A
71751,108105.0,1996-12-03,0A837.AB,0,1997-12-20,1996-12-03,C,850000.0,24.0,26.0,10.0,267.0,0.173084,0.317086,0.002655,267.8934,-28.15727,11024299.0,1.0,1.0,100.0,0,,,0A837,AB
71752,108105.0,1996-12-03,0A80F.9E,0,1997-02-22,1996-12-03,P,760000.0,28.125,29.125,20.0,176.0,0.181194,-0.522741,0.006278,137.8485,-44.22257,11014046.0,1.0,1.0,100.0,0,,,0A80F,9E
71753,108105.0,1996-12-03,0A900.9A,0,1997-12-20,1996-12-03,P,650000.0,16.0,17.5,50.0,6947.0,0.208821,-0.174894,0.001601,194.8618,-14.59562,11075738.0,1.0,1.0,100.0,0,,,0A900,9A
71754,108105.0,1996-12-03,0A954.DA,0,1997-02-22,1996-12-03,C,810000.0,3.25,3.625,1.0,358.0,0.14124,0.140835,0.004537,77.66211,-28.35387,11097306.0,1.0,1.0,100.0,0,,,0A954,DA
71755,108105.0,1996-12-03,0A8B0.C8,0,1996-12-21,1996-11-26,C,655000.0,89.75,90.75,0.0,1409.0,,,,,,11055304.0,1.0,1.0,100.0,0,,,0A8B0,C8
71756,108105.0,1996-12-03,0A888.90,0,1996-12-21,1996-12-03,P,625000.0,0.0625,0.25,5779.0,8468.0,0.365755,-0.00804,0.000384,3.448522,-14.19376,11045008.0,1.0,1.0,100.0,0,,,0A888,90
71757,108105.0,1996-12-03,0A7F9.12,0,1996-12-21,1996-12-02,C,710000.0,36.875,37.875,0.0,1687.0,,,,,,11008274.0,1.0,1.0,100.0,0,,,0A7F9,12
71758,108105.0,1996-12-03,0AA1B.21,0,1997-09-20,1996-12-03,C,850000.0,11.75,13.25,300.0,300.0,0.147819,0.231029,0.003066,200.9098,-23.31402,11148065.0,1.0,1.0,100.0,0,,,0AA1B,21
71759,108105.0,1996-12-03,0A819.1B,0,1997-03-22,1996-12-03,P,550000.0,1.0625,1.3125,2.0,3948.0,0.3089,-0.023813,0.000448,22.70469,-11.35534,11016475.0,1.0,1.0,100.0,0,,,0A819,1B
71760,108105.0,1996-12-03,0A890.77,0,1996-12-21,1996-12-03,P,600000.0,0.0,0.1875,112.0,761.0,0.413284,-0.004508,0.000204,2.065148,-9.626535,11047031.0,1.0,1.0,100.0,0,,,0A890,77
71761,108105.0,1996-12-03,0A8E2.37,0,1997-03-22,1996-12-03,P,700000.0,12.125,12.25,72.0,10892.0,0.208966,-0.232589,0.003597,123.3892,-38.01717,11067959.0,1.0,1.0,100.0,0,,,0A8E2,37
71762,108105.0,1996-12-03,0A8E3.C7,0,1997-03-22,,C,645000.0,110.25,111.25,0.0,0.0,0.202506,0.925182,0.001589,52.82317,-33.14452,11068359.0,1.0,1.0,100.0,0,,,0A8E3,C7
71763,108105.0,1996-12-03,0A9FA.D9,0,1997-09-20,1996-12-03,C,750000.0,52.75,54.75,250.0,2666.0,0.176485,0.574456,0.003251,254.369,-38.4328,11139801.0,1.0,1.0,100.0,0,,,0A9FA,D9
71764,108105.0,1996-12-03,0A90C.B4,0,1997-01-18,1996-12-03,C,775000.0,6.25,6.75,400.0,9438.0,0.148566,0.279149,0.008695,87.19145,-59.76036,11078836.0,1.0,1.0,100.0,0,,,0A90C,B4
71765,108105.0,1996-12-03,0A961.78,0,1997-12-20,1996-12-03,P,700000.0,26.25,28.25,1891.0,4307.0,0.194296,-0.268302,0.002193,248.3871,-15.50238,11100536.0,1.0,1.0,100.0,0,,,0A961,78
71766,108105.0,1996-12-03,0A896.E5,0,1998-06-20,1996-12-02,C,750000.0,80.0,82.0,0.0,1775.0,0.182496,0.600873,0.002155,338.9813,-29.66913,11048677.0,1.0,1.0,100.0,0,,,0A896,E5
71767,108105.0,1996-12-03,0A8BD.D5,0,1997-01-18,1996-11-11,C,695000.0,57.0,58.0,0.0,904.0,0.168963,0.90897,0.003636,41.46724,-46.68324,11058645.0,1.0,1.0,100.0,0,,,0A8BD,D5
71768,108105.0,1996-12-03,0AA45.BA,0,1997-01-18,,P,810000.0,62.375,63.375,0.0,0.0,0.208838,-0.840245,0.00442,62.30393,-31.23099,11158970.0,1.0,1.0,100.0,0,,,0AA45,BA
71769,108105.0,1996-12-03,0A912.CB,0,1996-12-21,1996-12-03,P,675000.0,0.5,0.75,1985.0,6074.0,0.280205,-0.035185,0.001767,12.15569,-38.00881,11080395.0,1.0,1.0,100.0,0,,,0A912,CB
71770,108105.0,1996-12-03,0AA03.9C,0,1996-12-21,1996-11-26,P,665000.0,0.4375,0.6875,0.0,7076.0,0.307292,-0.029549,0.001395,10.5249,-36.18118,11142044.0,1.0,1.0,100.0,0,,,0AA03,9C
71771,108105.0,1996-12-03,0A994.9A,0,1997-06-21,1996-12-03,C,825000.0,10.625,11.375,1.0,13.0,0.147549,0.240871,0.003807,170.6065,-28.04121,11113626.0,1.0,1.0,100.0,0,,,0A994,9A
71772,108105.0,1996-12-03,0AB60.49,0,1997-12-20,1996-08-27,C,500000.0,259.125,261.125,0.0,79.0,0.253825,0.940071,0.00039,57.73136,-14.14658,11231305.0,1.0,1.0,100.0,0,,,0AB60,49
71773,108105.0,1996-12-03,0AB8A.E5,0,1997-03-22,1996-12-02,C,850000.0,1.0,1.25,0.0,491.0,0.131706,0.051504,0.001976,42.71843,-10.70454,11242213.0,1.0,1.0,100.0,0,,,0AB8A,E5
71774,108105.0,1996-12-03,0AAEC.6E,0,1997-06-21,1996-12-03,C,850000.0,5.5,6.0,7.0,42.0,0.139839,0.150188,0.003014,128.0253,-19.57981,11201646.0,1.0,1.0,100.0,0,,,0AAEC,6E
71775,108105.0,1996-12-03,0A9BE.0E,0,1998-06-20,1996-11-25,C,600000.0,185.25,187.25,0.0,20.0,0.228528,0.829959,0.000997,196.4768,-23.617,11124238.0,1.0,1.0,100.0,0,,,0A9BE,0E
71776,108105.0,1996-12-03,0AA36.60,0,1997-03-22,,P,810000.0,62.125,63.125,0.0,0.0,0.16534,-0.765073,0.004492,121.9189,-13.52845,11155040.0,1.0,1.0,100.0,0,,,0AA36,60
71777,108105.0,1996-12-03,0AA7A.8A,0,1998-06-20,1996-10-24,C,775000.0,66.5,68.5,0.0,356.0,0.177151,0.546387,0.0023,351.2991,-29.26804,11172490.0,1.0,1.0,100.0,0,,,0AA7A,8A
71778,108105.0,1996-12-03,0AAA6.F4,0,1997-02-22,1996-11-26,C,700000.0,58.625,59.625,0.0,321.0,0.182484,0.81302,0.004145,91.66728,-53.86808,11183860.0,1.0,1.0,100.0,0,,,0AAA6,F4
71779,108105.0,1996-12-03,0ABE2.7C,0,1996-12-21,1996-12-03,C,670000.0,75.0,76.0,5.0,3644.0,,,,,,11264636.0,1.0,1.0,100.0,0,,,0ABE2,7C
71780,108105.0,1996-12-03,0ABC5.2E,0,1997-09-20,,C,825000.0,18.875,20.375,0.0,0.0,0.154759,0.314589,0.003406,233.7153,-28.90563,11257134.0,1.0,1.0,100.0,0,,,0ABC5,2E
71781,108105.0,1996-12-03,0AAFB.48,0,1997-03-22,,P,850000.0,96.75,97.75,0.0,0.0,0.174819,-0.879478,0.002705,77.61349,2.227002,11205448.0,1.0,1.0,100.0,0,,,0AAFB,48
71782,108105.0,1996-12-03,0AAB1.FF,0,1997-12-20,1996-12-03,P,500000.0,3.0,3.75,6.0,3564.0,0.261745,-0.037973,0.000411,62.76339,-6.83025,11186687.0,1.0,1.0,100.0,0,,,0AAB1,FF
71783,108105.0,1996-12-03,0AADB.14,0,1996-12-21,1996-12-03,P,660000.0,0.375,0.625,10.0,4817.0,0.317105,-0.025902,0.001212,9.430697,-33.48867,11197204.0,1.0,1.0,100.0,0,,,0AADB,14
71784,108105.0,1996-12-03,0AC12.EC,0,1996-12-21,1996-12-03,P,680000.0,0.375,0.625,60.0,2683.0,0.25329,-0.031681,0.001793,11.14984,-31.45835,11277036.0,1.0,1.0,100.0,0,,,0AC12,EC
71785,108105.0,1996-12-03,0AB01.A6,0,1997-06-21,1996-11-08,C,400000.0,347.375,348.375,0.0,100.0,,,,,,11207078.0,1.0,1.0,100.0,0,,,0AB01,A6
71786,108105.0,1996-12-03,0ABAC.BA,0,1996-12-21,1996-12-03,C,720000.0,28.125,29.125,2.0,8897.0,,,,,,11250874.0,1.0,1.0,100.0,0,,,0ABAC,BA
71787,108105.0,1996-12-03,0ABF6.17,0,1996-12-21,1996-12-03,C,755000.0,5.75,6.25,857.0,7863.0,0.136421,0.400203,0.018064,60.48632,-102.9663,11269655.0,1.0,1.0,100.0,0,,,0ABF6,17
71788,108105.0,1996-12-03,0ABFA.BB,0,1996-12-21,1996-12-03,P,725000.0,4.125,4.5,2683.0,2397.0,0.211474,-0.221501,0.008968,46.54731,-106.957,11270843.0,1.0,1.0,100.0,0,,,0ABFA,BB
71789,108105.0,1996-12-03,0ACDD.C6,0,1997-06-21,1996-11-27,P,685000.0,15.625,16.375,0.0,2767.0,0.209631,-0.22191,0.002561,163.0401,-25.60282,11328966.0,1.0,1.0,100.0,0,,,0ACDD,C6
71790,108105.0,1996-12-03,0AC4D.43,0,1996-12-21,1996-12-03,P,755000.0,14.75,15.0,880.0,2271.0,0.188407,-0.567997,0.013301,61.50696,-118.3231,11291971.0,1.0,1.0,100.0,0,,,0AC4D,43
71791,108105.0,1996-12-03,0ABDC.60,0,1997-03-22,1996-12-03,C,725000.0,44.625,45.625,103.0,9432.0,0.177746,0.675524,0.004927,143.7368,-56.43233,11263072.0,1.0,1.0,100.0,0,,,0ABDC,60
71792,108105.0,1996-12-03,0ACE0.18,0,1997-01-18,1996-12-03,C,755000.0,13.75,14.5,57.0,257.0,0.154567,0.470277,0.00988,103.0748,-76.06676,11329560.0,1.0,1.0,100.0,0,,,0ACE0,18
71793,108105.0,1996-12-03,0AC7A.FF,0,1997-01-18,1996-12-03,C,750000.0,16.5,17.25,15.0,2460.0,0.158356,0.519504,0.009654,103.1909,-78.73772,11303679.0,1.0,1.0,100.0,0,,,0AC7A,FF
71794,108105.0,1996-12-03,0AB36.11,0,1996-12-21,1996-11-26,C,690000.0,55.625,56.625,0.0,4132.0,,,,,,11220497.0,1.0,1.0,100.0,0,,,0AB36,11
71795,108105.0,1996-12-03,0AC7D.4A,0,1996-12-21,1996-11-26,C,680000.0,65.125,66.125,0.0,8634.0,,,,,,11304266.0,1.0,1.0,100.0,0,,,0AC7D,4A
71796,108105.0,1996-12-03,0AC7F.99,0,1997-01-18,1996-12-03,C,765000.0,9.25,9.75,2.0,2.0,0.148172,0.36879,0.009778,97.79038,-68.01775,11304857.0,1.0,1.0,100.0,0,,,0AC7F,99
71797,108105.0,1996-12-03,0AC56.CD,0,1996-12-21,1996-12-03,C,695000.0,50.875,51.875,4.0,2500.0,,,,,,11294413.0,1.0,1.0,100.0,0,,,0AC56,CD
71798,108105.0,1996-12-03,0ADDF.41,0,1997-01-18,1996-12-03,P,680000.0,3.625,4.0,12.0,4986.0,0.248988,-0.116136,0.003019,50.73747,-49.52679,11394881.0,1.0,1.0,100.0,0,,,0ADDF,41
71799,108105.0,1996-12-03,0AC33.0D,0,1997-03-22,1996-11-27,C,450000.0,296.375,297.375,0.0,255.0,,,,,,11285261.0,1.0,1.0,100.0,0,,,0AC33,0D
71800,108105.0,1996-12-03,0AD14.0A,0,1996-12-21,1996-09-20,C,590000.0,154.125,155.125,0.0,12.0,,,,,,11342858.0,1.0,1.0,100.0,0,,,0AD14,0A
71801,108105.0,1996-12-03,0ACA4.6F,0,1997-03-22,1996-11-26,P,475000.0,0.125,0.25,0.0,1449.0,0.336532,-0.004187,9e-05,4.995954,-2.762103,11314287.0,1.0,1.0,100.0,0,,,0ACA4,6F
71802,108105.0,1996-12-03,0AD6A.41,0,1997-02-22,,C,680000.0,75.375,76.375,0.0,0.0,0.185472,0.885541,0.00289,64.96324,-43.78182,11364929.0,1.0,1.0,100.0,0,,,0AD6A,41
71803,108105.0,1996-12-03,0AD42.E4,0,1998-06-20,1996-10-21,P,550000.0,8.375,9.375,0.0,416.0,0.231534,-0.080061,0.000685,136.8177,-7.900554,11354852.0,1.0,1.0,100.0,0,,,0AD42,E4
71804,108105.0,1996-12-03,0AEAE.D7,0,1997-09-20,1996-11-15,P,715000.0,26.5,28.5,0.0,819.0,0.191769,-0.30496,0.002713,230.6439,-19.47713,11448023.0,1.0,1.0,100.0,0,,,0AEAE,D7
71805,108105.0,1996-12-03,0ADED.E8,0,1997-09-20,,P,825000.0,74.75,76.75,0.0,0.0,0.155311,-0.665092,0.003398,233.9481,-3.635108,11398632.0,1.0,1.0,100.0,0,,,0ADED,E8
71806,108105.0,1996-12-03,0ACAF.BA,0,1996-12-21,1996-10-03,C,595000.0,149.25,150.25,0.0,6000.0,,,,,,11317178.0,1.0,1.0,100.0,0,,,0ACAF,BA
71807,108105.0,1996-12-03,0ACD7.99,0,1996-12-21,1996-12-03,P,745000.0,9.625,10.0,8609.0,7832.0,0.190002,-0.43435,0.013208,61.59777,-122.9863,11327385.0,1.0,1.0,100.0,0,,,0ACD7,99
71808,108105.0,1996-12-03,0AD76.E4,0,1997-03-22,1996-12-03,P,750000.0,26.375,27.375,677.0,4377.0,0.183015,-0.450427,0.005305,159.3708,-38.02369,11368164.0,1.0,1.0,100.0,0,,,0AD76,E4
71809,108105.0,1996-12-03,0AE66.05,0,1997-01-18,1996-11-26,C,725000.0,32.5,33.5,0.0,3346.0,0.167736,0.735127,0.00746,84.45808,-73.7616,11429381.0,1.0,1.0,100.0,0,,,0AE66,05
71810,108105.0,1996-12-03,0AD22.DB,0,1997-03-22,1996-11-26,P,660000.0,6.625,7.125,0.0,3843.0,0.238258,-0.133239,0.002224,86.97534,-31.93596,11346651.0,1.0,1.0,100.0,0,,,0AD22,DB
71811,108105.0,1996-12-03,0AE42.77,0,1996-12-21,1996-12-03,C,750000.0,8.0,8.5,248.0,3734.0,0.137709,0.492038,0.018468,62.42197,-108.8764,11420279.0,1.0,1.0,100.0,0,,,0AE42,77
71812,108105.0,1996-12-03,0AE9B.94,0,1996-12-21,1996-11-26,P,640000.0,0.0625,0.1875,0.0,7448.0,0.314239,-0.007559,0.000424,3.266669,-11.52834,11443092.0,1.0,1.0,100.0,0,,,0AE9B,94
71813,108105.0,1996-12-03,0AEBF.81,0,1998-06-20,,C,800000.0,53.875,55.875,0.0,0.0,0.17077,0.488538,0.002421,356.392,-28.17253,11452289.0,1.0,1.0,100.0,0,,,0AEBF,81
71814,108105.0,1996-12-03,0ADA9.D0,0,1996-12-21,1996-12-03,C,745000.0,10.0,10.5,37.0,8139.0,0.127374,0.589707,0.019455,60.82467,-101.3268,11381200.0,1.0,1.0,100.0,0,,,0ADA9,D0
71815,108105.0,1996-12-03,0AF5B.5C,0,1997-03-22,1996-11-05,P,610000.0,2.875,3.25,0.0,1822.0,0.268512,-0.061411,0.001113,49.06843,-20.90696,11492188.0,1.0,1.0,100.0,0,,,0AF5B,5C
71816,108105.0,1996-12-03,0ADFC.CA,0,1998-06-20,,C,550000.0,225.625,227.625,0.0,0.0,0.244907,0.873122,0.000702,148.2828,-19.56735,11402442.0,1.0,1.0,100.0,0,,,0ADFC,CA
71817,108105.0,1996-12-03,0AEA2.5A,0,1997-01-18,1996-11-27,P,645000.0,1.5,1.75,0.0,1017.0,0.277616,-0.051671,0.001467,27.48849,-30.37864,11444826.0,1.0,1.0,100.0,0,,,0AEA2,5A
71818,108105.0,1996-12-03,0AE49.F0,0,1997-01-18,1996-11-14,C,670000.0,79.5,80.5,0.0,50.0,,,,,,11422192.0,1.0,1.0,100.0,0,,,0AE49,F0
71819,108105.0,1996-12-03,0AEE6.75,0,1998-06-20,1996-08-22,C,725000.0,95.375,97.375,0.0,2400.0,0.190031,0.650831,0.00196,321.0468,-29.70085,11462261.0,1.0,1.0,100.0,0,,,0AEE6,75
71820,108105.0,1996-12-03,0AF5E.1A,0,1997-12-20,1996-12-03,P,625000.0,13.25,14.125,150.0,4425.0,0.220697,-0.142225,0.001324,170.3167,-14.02583,11492890.0,1.0,1.0,100.0,0,,,0AF5E,1A
71821,108105.0,1996-12-03,0AFB5.4A,0,1997-09-20,1996-11-27,P,725000.0,29.25,31.25,0.0,2610.0,0.187689,-0.331802,0.00287,238.7689,-19.08356,11515210.0,1.0,1.0,100.0,0,,,0AFB5,4A
71822,108105.0,1996-12-03,0AF12.1A,0,1997-03-22,1996-12-03,C,760000.0,23.375,24.375,102.0,102.0,0.163263,0.484125,0.005985,160.3745,-54.34035,11473434.0,1.0,1.0,100.0,0,,,0AF12,1A
71823,108105.0,1996-12-03,0AEA6.5F,0,1996-12-21,1996-12-03,P,700000.0,1.125,1.5,6306.0,8536.0,0.233239,-0.078047,0.003992,22.85314,-58.93487,11445855.0,1.0,1.0,100.0,0,,,0AEA6,5F
71824,108105.0,1996-12-03,0AE4D.9D,0,1997-12-20,1996-12-03,P,800000.0,62.75,64.75,4.0,249.0,0.164873,-0.534988,0.003065,294.5332,-7.493575,11423133.0,1.0,1.0,100.0,0,,,0AE4D,9D
71825,108105.0,1996-12-03,0AFDF.31,0,1997-12-20,1996-11-27,P,825000.0,75.875,77.875,0.0,105.0,0.157113,-0.612964,0.003069,281.1028,-2.8622,11525937.0,1.0,1.0,100.0,0,,,0AFDF,31
71826,108105.0,1996-12-03,0AF3B.78,0,1996-12-21,1996-12-02,C,735000.0,16.5,17.25,0.0,6972.0,0.125389,0.771444,0.015354,47.2537,-84.34045,11484024.0,1.0,1.0,100.0,0,,,0AF3B,78
71827,108105.0,1996-12-03,0AE77.85,0,1996-12-21,1996-12-03,C,725000.0,24.0,25.0,31.0,8981.0,0.093413,0.953871,0.00648,14.85628,-36.34681,11433861.0,1.0,1.0,100.0,0,,,0AE77,85
71828,108105.0,1996-12-03,0AE77.F4,0,1997-03-22,1996-11-26,C,695000.0,67.25,68.25,0.0,23.0,0.190062,0.798079,0.003566,111.2537,-50.45517,11433972.0,1.0,1.0,100.0,0,,,0AE77,F4
71829,108105.0,1996-12-03,0AE52.D3,0,1996-12-21,1996-12-03,C,795000.0,0.125,0.375,1415.0,2305.0,0.147402,0.028457,0.002819,10.20051,-17.78901,11424467.0,1.0,1.0,100.0,0,,,0AE52,D3
71830,108105.0,1996-12-03,0AF93.7E,0,1997-06-21,1996-09-19,C,575000.0,181.5,182.5,0.0,1959.0,0.221196,0.95102,0.00064,43.0117,-20.22996,11506558.0,1.0,1.0,100.0,0,,,0AF93,7E
71831,108105.0,1996-12-03,0AF1D.02,0,1998-06-20,1996-12-03,P,700000.0,30.625,32.625,4.0,3976.0,0.188187,-0.260748,0.001824,295.9596,-10.16087,11476226.0,1.0,1.0,100.0,0,,,0AF1D,02
71832,108105.0,1996-12-03,0AF1D.40,0,1997-06-21,1996-12-03,P,600000.0,5.125,5.625,2.0,12650.0,0.247083,-0.080468,0.001093,82.02306,-16.56416,11476288.0,1.0,1.0,100.0,0,,,0AF1D,40
71833,108105.0,1996-12-03,0AE27.88,0,1997-09-20,,C,810000.0,26.75,27.5,0.0,0.0,0.167871,0.376528,0.00335,249.3523,-33.49147,11413384.0,1.0,1.0,100.0,0,,,0AE27,88
71834,108105.0,1996-12-03,0AED8.EB,0,1997-01-18,,P,795000.0,48.75,49.75,0.0,0.0,0.191952,-0.791529,0.005698,73.82621,-37.91366,11458795.0,1.0,1.0,100.0,0,,,0AED8,EB
71835,108105.0,1996-12-03,0AF71.BC,0,1997-01-18,1996-12-03,P,700000.0,5.75,6.25,14.0,8431.0,0.230402,-0.178282,0.004352,67.68681,-60.26828,11497916.0,1.0,1.0,100.0,0,,,0AF71,BC
71836,108105.0,1996-12-03,0AF4F.42,0,1997-03-22,1996-12-03,P,675000.0,8.5,9.0,220.0,16142.0,0.229624,-0.166609,0.002678,100.9402,-35.26224,11489090.0,1.0,1.0,100.0,0,,,0AF4F,42
71837,108105.0,1996-12-03,0AFCC.37,0,1996-12-21,1996-12-03,P,705000.0,1.4375,1.6875,60.0,806.0,0.224442,-0.093319,0.004743,26.12577,-64.65547,11521079.0,1.0,1.0,100.0,0,,,0AFCC,37
71838,108105.0,1996-12-03,0AF50.5D,0,1997-06-21,1996-11-26,C,730000.0,54.75,55.75,0.0,14624.0,0.181622,0.637226,0.003666,202.2357,-45.21407,11489373.0,1.0,1.0,100.0,0,,,0AF50,5D
71839,108105.0,1996-12-03,0AEFF.F6,0,1997-09-20,1996-12-03,P,675000.0,17.375,18.125,3.0,3144.0,0.203706,-0.210012,0.002108,190.3329,-18.72805,11468790.0,1.0,1.0,100.0,0,,,0AEFF,F6
71840,108105.0,1996-12-03,0B108.8C,0,1997-06-21,1996-11-19,P,400000.0,0.0,0.25,0.0,133.0,0.320856,-0.002241,4e-05,3.868601,-1.08654,11602060.0,1.0,1.0,100.0,0,,,0B108,8C
71841,108105.0,1996-12-03,0B108.E7,0,1997-03-22,1996-12-03,C,775000.0,16.375,17.125,209.0,15403.0,0.15626,0.391796,0.006036,154.826,-49.24174,11602151.0,1.0,1.0,100.0,0,,,0B108,E7
71842,108105.0,1996-12-03,0AF2E.33,0,1997-09-20,1996-11-26,P,600000.0,7.375,8.375,0.0,1621.0,0.233506,-0.097872,0.001105,114.4201,-14.21146,11480627.0,1.0,1.0,100.0,0,,,0AF2E,33
71843,108105.0,1996-12-03,0B12D.FA,0,1996-12-21,1996-12-03,C,575000.0,169.0,171.0,1.0,1802.0,,,,,,11611642.0,1.0,1.0,100.0,0,,,0B12D,FA
71844,108105.0,1996-12-03,0B0E5.77,0,1997-12-20,1996-12-03,P,775000.0,50.875,52.875,5.0,417.0,0.170842,-0.460333,0.002973,296.0731,-10.83869,11593079.0,1.0,1.0,100.0,0,,,0B0E5,77
71845,108105.0,1996-12-03,0B0C2.13,0,1997-03-22,1996-12-03,P,710000.0,14.25,15.0,8.0,1727.0,0.205733,-0.269925,0.003952,133.4506,-39.88372,11584019.0,1.0,1.0,100.0,0,,,0B0C2,13
71846,108105.0,1996-12-03,0B159.2C,0,1996-12-21,1996-11-26,C,625000.0,119.375,120.375,0.0,2854.0,,,,,,11622700.0,1.0,1.0,100.0,0,,,0B159,2C
71847,108105.0,1996-12-03,0AF7E.E1,0,1997-09-20,,C,650000.0,123.75,124.75,0.0,0.0,0.208049,0.820835,0.001742,160.6335,-32.88745,11501281.0,1.0,1.0,100.0,0,,,0AF7E,E1
71848,108105.0,1996-12-03,0AFA9.E0,0,1998-06-20,1996-09-30,C,675000.0,128.875,130.875,0.0,1705.0,0.204679,0.736493,0.001555,274.3545,-28.25156,11512288.0,1.0,1.0,100.0,0,,,0AFA9,E0
71849,108105.0,1996-12-03,0B09A.80,0,1996-12-21,1996-11-27,P,655000.0,0.25,0.5,0.0,2330.0,0.318092,-0.020032,0.000973,7.594474,-27.07421,11573888.0,1.0,1.0,100.0,0,,,0B09A,80
71850,108105.0,1996-12-03,0B163.70,0,1996-12-21,1996-12-03,C,660000.0,84.875,85.875,5.0,4418.0,,,,,,11625328.0,1.0,1.0,100.0,0,,,0B163,70
71851,108105.0,1996-12-03,0B200.07,0,1997-03-22,1996-12-02,P,685000.0,9.625,10.125,0.0,2034.0,0.220421,-0.189491,0.003025,109.4515,-36.29539,11665415.0,1.0,1.0,100.0,0,,,0B200,07
71852,108105.0,1996-12-03,0B07E.97,0,1997-12-20,1996-11-21,C,550000.0,214.875,216.875,0.0,415.0,0.241962,0.909234,0.000683,96.38045,-20.0628,11566743.0,1.0,1.0,100.0,0,,,0B07E,97
71853,108105.0,1996-12-03,0B1D8.50,0,1997-01-18,1996-11-26,C,740000.0,22.25,23.25,0.0,4759.0,0.162767,0.612415,0.009017,99.06728,-79.64293,11655248.0,1.0,1.0,100.0,0,,,0B1D8,50
71854,108105.0,1996-12-03,0B114.8C,0,1997-01-18,1996-12-03,C,720000.0,36.375,37.375,27.0,1761.0,0.170447,0.768925,0.006816,78.41338,-70.99667,11605132.0,1.0,1.0,100.0,0,,,0B114,8C
71855,108105.0,1996-12-03,0B0F3.EE,0,1996-12-21,1996-12-03,P,780000.0,35.125,36.125,10.0,160.0,0.248048,-0.771797,0.007755,47.21237,-113.893,11596782.0,1.0,1.0,100.0,0,,,0B0F3,EE
71856,108105.0,1996-12-03,0B084.C8,0,1996-12-21,1996-11-29,C,400000.0,343.625,344.625,0.0,9182.0,,,,,,11568328.0,1.0,1.0,100.0,0,,,0B084,C8
71857,108105.0,1996-12-03,0B0D3.3F,0,1997-02-22,1996-12-03,C,790000.0,7.25,7.75,2.0,36.0,0.147164,0.252585,0.006221,110.9438,-43.04906,11588415.0,1.0,1.0,100.0,0,,,0B0D3,3F
71858,108105.0,1996-12-03,0B27C.03,0,1998-06-20,,C,575000.0,205.25,207.25,0.0,0.0,0.236912,0.853033,0.000841,171.8738,-21.67396,11697155.0,1.0,1.0,100.0,0,,,0B27C,03
71859,108105.0,1996-12-03,0B1B0.91,0,1997-03-22,1996-11-26,P,800000.0,54.625,55.625,0.0,51.0,0.166394,-0.719787,0.004913,134.1826,-18.67217,11645073.0,1.0,1.0,100.0,0,,,0B1B0,91
71860,108105.0,1996-12-03,0B27D.D2,0,1997-03-22,1996-11-05,C,475000.0,272.0,273.0,0.0,5.0,,,,,,11697618.0,1.0,1.0,100.0,0,,,0B27D,D2
71861,108105.0,1996-12-03,0B1DE.CE,0,1997-02-22,1996-12-03,P,740000.0,19.875,20.625,1.0,1526.0,0.191906,-0.401833,0.005767,134.1143,-49.19267,11656910.0,1.0,1.0,100.0,0,,,0B1DE,CE
71862,108105.0,1996-12-03,0B191.85,0,1998-06-20,,C,850000.0,33.625,35.625,0.0,0.0,0.16096,0.369276,0.002459,341.2128,-24.57775,11637125.0,1.0,1.0,100.0,0,,,0B191,85
71863,108105.0,1996-12-03,0B20F.21,0,1996-12-21,1996-12-03,P,635000.0,0.125,0.25,10.0,3659.0,0.345201,-0.009999,0.000493,4.174707,-16.1979,11669281.0,1.0,1.0,100.0,0,,,0B20F,21
71864,108105.0,1996-12-03,0B193.72,0,1997-01-18,1996-12-03,C,780000.0,4.75,5.125,42.0,436.0,0.144115,0.231701,0.008133,79.10833,-52.31898,11637618.0,1.0,1.0,100.0,0,,,0B193,72
71865,108105.0,1996-12-03,0B211.E8,0,1997-12-20,1996-12-03,P,675000.0,21.0,22.0,76.0,4329.0,0.201643,-0.218169,0.001893,222.4978,-15.34247,11669992.0,1.0,1.0,100.0,0,,,0B211,E8
71866,108105.0,1996-12-03,0B1E7.40,0,1997-06-21,1996-11-27,P,625000.0,7.25,7.75,0.0,19127.0,0.235995,-0.110311,0.001443,103.4432,-19.59319,11659072.0,1.0,1.0,100.0,0,,,0B1E7,40
71867,108105.0,1996-12-03,0B216.65,0,1997-03-22,1996-11-26,C,780000.0,14.25,15.0,0.0,51.0,0.153538,0.360246,0.005987,150.8792,-46.89002,11671141.0,1.0,1.0,100.0,0,,,0B216,65
71868,108105.0,1996-12-03,0B17B.11,0,1997-09-20,1996-09-25,C,625000.0,143.875,145.875,0.0,250.0,0.216409,0.859031,0.001391,133.4989,-29.75423,11631377.0,1.0,1.0,100.0,0,,,0B17B,11
71869,108105.0,1996-12-03,0B1EA.C1,0,1997-03-22,,C,525000.0,223.375,224.375,0.0,0.0,,,,,,11659969.0,1.0,1.0,100.0,0,,,0B1EA,C1
71870,108105.0,1996-12-03,0B2FD.BC,0,1997-02-22,1996-11-20,C,710000.0,50.75,51.75,0.0,450.0,0.17986,0.768623,0.004791,104.4199,-58.037,11730364.0,1.0,1.0,100.0,0,,,0B2FD,BC
71871,108105.0,1996-12-03,0B2D8.BD,0,1997-01-18,1996-12-03,C,760000.0,11.625,12.375,87.0,4678.0,0.154484,0.421762,0.009725,101.4059,-73.96909,11720893.0,1.0,1.0,100.0,0,,,0B2D8,BD
71872,108105.0,1996-12-03,0B2FD.E3,0,1997-12-20,1996-11-26,P,525000.0,4.25,5.0,0.0,2896.0,0.253871,-0.051173,0.000539,79.78543,-8.295746,11730403.0,1.0,1.0,100.0,0,,,0B2FD,E3
71873,108105.0,1996-12-03,0B1EF.42,0,1997-01-18,1996-11-26,C,705000.0,48.375,49.375,0.0,830.0,0.170772,0.861024,0.004913,56.63235,-57.1172,11661122.0,1.0,1.0,100.0,0,,,0B1EF,42
71874,108105.0,1996-12-03,0B324.9E,0,1996-12-21,1996-12-03,P,670000.0,0.4375,0.5,15.0,3783.0,0.282072,-0.027189,0.001418,9.820549,-30.94677,11740318.0,1.0,1.0,100.0,0,,,0B324,9E
71875,108105.0,1996-12-03,0B2DD.5E,0,1996-12-21,1996-12-03,C,740000.0,13.625,13.875,615.0,6807.0,0.133934,0.676052,0.017095,56.19718,-100.5944,11722078.0,1.0,1.0,100.0,0,,,0B2DD,5E
71876,108105.0,1996-12-03,0B127.14,0,1996-12-21,1996-12-03,P,650000.0,0.1875,0.25,399.0,7410.0,0.308416,-0.012739,0.000681,5.152563,-17.82169,11609876.0,1.0,1.0,100.0,0,,,0B127,14
71877,108105.0,1996-12-03,0B2E0.CD,0,1996-12-21,1996-12-02,P,685000.0,0.625,0.875,0.0,9589.0,0.256225,-0.044616,0.002345,14.74472,-42.02734,11722957.0,1.0,1.0,100.0,0,,,0B2E0,CD
71878,108105.0,1996-12-03,0B355.6F,0,1997-06-21,1996-12-03,P,740000.0,29.875,30.875,16.0,1340.0,0.18518,-0.388306,0.003718,209.1494,-25.24333,11752815.0,1.0,1.0,100.0,0,,,0B355,6F
71879,108105.0,1996-12-03,0B12B.47,0,1997-03-22,1996-11-26,C,705000.0,59.375,60.375,0.0,1.0,0.186257,0.761564,0.004022,122.9644,-53.05938,11610951.0,1.0,1.0,100.0,0,,,0B12B,47
71880,108105.0,1996-12-03,0B244.6C,0,1997-12-20,1996-05-09,C,600000.0,172.375,174.375,0.0,100.0,0.228246,0.862592,0.001083,144.1313,-25.956,11682924.0,1.0,1.0,100.0,0,,,0B244,6C
71881,108105.0,1996-12-03,0B29A.ED,0,1997-02-22,1996-12-02,P,720000.0,13.875,14.625,0.0,655.0,0.204532,-0.299347,0.004864,120.5627,-49.36562,11705069.0,1.0,1.0,100.0,0,,,0B29A,ED
71882,108105.0,1996-12-03,0B384.58,0,1997-02-22,,P,810000.0,62.125,63.125,0.0,0.0,0.176341,-0.796589,0.004524,96.67228,-17.79023,11764824.0,1.0,1.0,100.0,0,,,0B384,58
71883,108105.0,1996-12-03,0B35C.C7,0,1996-12-21,1996-12-03,P,690000.0,0.75,1.0,47.0,8656.0,0.247041,-0.052608,0.002774,16.82122,-46.14364,11754695.0,1.0,1.0,100.0,0,,,0B35C,C7
71884,108105.0,1996-12-03,0B333.E0,0,1997-06-21,1996-12-03,P,850000.0,93.125,94.125,7.0,15.0,0.14856,-0.820387,0.003031,136.7726,4.985297,11744224.0,1.0,1.0,100.0,0,,,0B333,E0
71885,108105.0,1996-12-03,0B279.F0,0,1997-06-21,1996-11-26,P,475000.0,0.625,0.875,0.0,913.0,0.29935,-0.012191,0.000192,17.4196,-4.489346,11696624.0,1.0,1.0,100.0,0,,,0B279,F0
71886,108105.0,1996-12-03,0B3AB.63,0,1997-03-22,1996-09-17,C,550000.0,199.25,200.25,0.0,15.0,,,,,,11774819.0,1.0,1.0,100.0,0,,,0B3AB,63
71887,108105.0,1996-12-03,0B2C8.68,0,1997-01-18,1996-11-26,P,800000.0,53.25,54.25,0.0,1002.0,0.19781,-0.809502,0.005231,69.84655,-35.78082,11716712.0,1.0,1.0,100.0,0,,,0B2C8,68
71888,108105.0,1996-12-03,0B314.DF,0,1997-03-22,1996-12-02,P,635000.0,4.5,4.875,0.0,2001.0,0.254568,-0.091997,0.001597,66.74431,-26.62969,11736287.0,1.0,1.0,100.0,0,,,0B314,DF
71889,108105.0,1996-12-03,0B33E.24,0,1998-06-20,,C,625000.0,165.75,167.75,0.0,0.0,0.220166,0.803244,0.00117,222.0508,-25.38312,11746852.0,1.0,1.0,100.0,0,,,0B33E,24
71890,108105.0,1996-12-03,0B2CE.44,0,1997-03-22,1996-12-03,P,680000.0,9.0,9.5,135.0,10103.0,0.224617,-0.177275,0.002848,105.0094,-35.68908,11718212.0,1.0,1.0,100.0,0,,,0B2CE,44
71891,108105.0,1996-12-03,0B409.3A,0,1997-06-21,1996-11-08,C,450000.0,299.25,300.25,0.0,100.0,,,,,,11798842.0,1.0,1.0,100.0,0,,,0B409,3A
71892,108105.0,1996-12-03,0B3B1.F8,0,1997-03-22,1996-12-03,P,725000.0,18.0,18.75,1874.0,4096.0,0.196651,-0.32983,0.004525,146.0486,-40.47298,11776504.0,1.0,1.0,100.0,0,,,0B3B1,F8
71893,108105.0,1996-12-03,0B3E3.A2,0,1996-12-21,1996-12-03,P,775000.0,30.5,31.5,112.0,3079.0,0.232521,-0.747357,0.008747,49.92255,-113.5374,11789218.0,1.0,1.0,100.0,0,,,0B3E3,A2
71894,108105.0,1996-12-03,0B3E8.1B,0,1996-12-21,1996-12-03,C,785000.0,0.5,0.75,87.0,1672.0,0.144749,0.064026,0.005525,19.62814,-33.84072,11790363.0,1.0,1.0,100.0,0,,,0B3E8,1B
71895,108105.0,1996-12-03,0B3E8.28,0,1996-12-21,1996-12-03,P,695000.0,1.0625,1.25,128.0,7176.0,0.244421,-0.06735,0.003403,20.41356,-55.30234,11790376.0,1.0,1.0,100.0,0,,,0B3E8,28
71896,108105.0,1996-12-03,0B3BF.05,0,1996-12-21,1996-12-03,P,760000.0,18.625,19.375,1057.0,2664.0,0.206146,-0.620037,0.01177,59.5523,-124.7496,11779845.0,1.0,1.0,100.0,0,,,0B3BF,05
71897,108105.0,1996-12-03,0B41B.83,0,1997-01-18,1996-12-03,P,765000.0,26.375,27.375,1.0,1.0,0.183667,-0.599526,0.008065,99.98338,-60.94369,11803523.0,1.0,1.0,100.0,0,,,0B41B,83
71898,108105.0,1996-12-03,0B3C0.25,0,1997-02-22,,C,690000.0,66.875,67.875,0.0,0.0,0.184751,0.851481,0.003507,78.51608,-49.15368,11780133.0,1.0,1.0,100.0,0,,,0B3C0,25
71899,108105.0,1996-12-03,0B3F4.BB,0,1997-03-22,1996-11-12,C,690000.0,71.375,72.375,0.0,25.0,0.192587,0.813969,0.003339,105.5551,-49.19535,11793595.0,1.0,1.0,100.0,0,,,0B3F4,BB
71900,108105.0,1996-12-03,09B16.78,0,1997-03-22,1996-11-19,P,525000.0,0.5625,0.8125,0.0,2103.0,0.319263,-0.014229,0.00028,14.64717,-7.614509,10163832.0,1.0,1.0,100.0,0,,,09B16,78
71901,108105.0,1996-12-03,09B1A.8E,0,1997-01-18,1996-12-03,P,715000.0,8.125,8.625,11.0,3638.0,0.215733,-0.243079,0.005577,81.21443,-66.6385,10164878.0,1.0,1.0,100.0,0,,,09B1A,8E
71902,108105.0,1996-12-03,09B1F.6C,0,1996-12-21,1996-11-19,C,610000.0,134.25,135.25,0.0,100.0,,,,,,10166124.0,1.0,1.0,100.0,0,,,09B1F,6C
71903,108105.0,1996-12-03,09A34.A1,0,1996-12-21,1996-12-03,C,715000.0,32.5,33.5,4.0,5094.0,,,,,,10106017.0,1.0,1.0,100.0,0,,,09A34,A1
71904,108105.0,1996-12-03,09B33.1C,0,1997-03-22,,C,715000.0,51.75,52.75,0.0,0.0,0.18162,0.721238,0.004489,133.8296,-54.95788,10171164.0,1.0,1.0,100.0,0,,,09B33,1C
